номер аудиофайла	порядковый номер	правильный ответ	неправильный ответ1	неправильный ответ2	неправильный ответ3	!	?	.		контрольная сумма
1	1	Солнце сияет!	Солнце сияет?	Солнце сияет.	Солнце сияет 	1	2	3	4	=SUM(G2:J2)
205	2	Дождь идёт?	Дождь идёт.	Дождь идёт 	Дождь идёт!	2	3	4	1	=SUM(G3:J3)
524	3	Ветер дует.	Ветер дует 	Ветер дует!	Ветер дует?	3	4	1	2	=SUM(G4:J4)
761	4	Птицы поют 	Птицы поют?	Птицы поют.	Птицы поют!	4	2	3	1	=SUM(G5:J5)
525	5	Дети играют.	Дети играют 	Дети играют!	Дети играют?	3	4	1	2	=SUM(G6:J6)
2	6	Кошка спит!	Кошка спит.	Кошка спит?	Кошка спит 	1	3	2	4	=SUM(G7:J7)
206	7	Собака лает?	Собака лает!	Собака лает 	Собака лает.	2	1	4	3	=SUM(G8:J8)
762	8	Мама готовит 	Мама готовит!	Мама готовит.	Мама готовит?	4	1	3	2	=SUM(G9:J9)
207	9	Папа работает?	Папа работает.	Папа работает!	Папа работает 	2	3	1	4	=SUM(G10:J10)
763	10	Брат учится 	Брат учится.	Брат учится?	Брат учится!	4	3	2	1	=SUM(G11:J11)
526	11	Сестра танцует.	Сестра танцует 	Сестра танцует?	Сестра танцует!	3	4	2	1	=SUM(G12:J12)
3	12	Учитель объясняет!	Учитель объясняет.	Учитель объясняет?	Учитель объясняет 	1	3	2	4	=SUM(G13:J13)
208	13	Ученик отвечает?	Ученик отвечает!	Ученик отвечает 	Ученик отвечает.	2	1	4	3	=SUM(G14:J14)
4	14	Врач лечит!	Врач лечит?	Врач лечит.	Врач лечит 	1	2	3	4	=SUM(G15:J15)
209	15	Повар варит?	Повар варит.	Повар варит 	Повар варит!	2	3	4	1	=SUM(G16:J16)
527	16	Художник рисует.	Художник рисует 	Художник рисует!	Художник рисует?	3	4	1	2	=SUM(G17:J17)
764	17	Музыкант играет 	Музыкант играет?	Музыкант играет.	Музыкант играет!	4	2	3	1	=SUM(G18:J18)
528	18	Актёр играет.	Актёр играет 	Актёр играет!	Актёр играет?	3	4	1	2	=SUM(G19:J19)
5	19	Писатель пишет!	Писатель пишет.	Писатель пишет?	Писатель пишет 	1	3	2	4	=SUM(G20:J20)
210	20	Спортсмен бежит?	Спортсмен бежит!	Спортсмен бежит 	Спортсмен бежит.	2	1	4	3	=SUM(G21:J21)
765	21	Пловец плавает 	Пловец плавает!	Пловец плавает.	Пловец плавает?	4	1	3	2	=SUM(G22:J22)
211	22	Лыжник скользит?	Лыжник скользит.	Лыжник скользит!	Лыжник скользит 	2	3	1	4	=SUM(G23:J23)
766	23	Фигурист кружится 	Фигурист кружится.	Фигурист кружится?	Фигурист кружится!	4	3	2	1	=SUM(G24:J24)
529	24	Гимнаст прыгает.	Гимнаст прыгает 	Гимнаст прыгает?	Гимнаст прыгает!	3	4	2	1	=SUM(G25:J25)
6	25	Боксёр бьёт!	Боксёр бьёт.	Боксёр бьёт?	Боксёр бьёт 	1	3	2	4	=SUM(G26:J26)
212	26	Футболист бьёт?	Футболист бьёт!	Футболист бьёт 	Футболист бьёт.	2	1	4	3	=SUM(G27:J27)
530	27	Теннисист подаёт.	Теннисист подаёт 	Теннисист подаёт!	Теннисист подаёт?	3	4	1	2	=SUM(G28:J28)
7	28	Шахматист думает!	Шахматист думает.	Шахматист думает?	Шахматист думает 	1	3	2	4	=SUM(G29:J29)
213	29	Шахматист ходит?	Шахматист ходит!	Шахматист ходит 	Шахматист ходит.	2	1	4	3	=SUM(G30:J30)
767	30	Повар режет 	Повар режет!	Повар режет.	Повар режет?	4	1	3	2	=SUM(G31:J31)
214	31	Садовник поливает?	Садовник поливает.	Садовник поливает!	Садовник поливает 	2	3	1	4	=SUM(G32:J32)
768	32	Дворник метёт 	Дворник метёт.	Дворник метёт?	Дворник метёт!	4	3	2	1	=SUM(G33:J33)
531	33	Строитель строит.	Строитель строит 	Строитель строит?	Строитель строит!	3	4	2	1	=SUM(G34:J34)
8	34	Каменщик кладёт!	Каменщик кладёт.	Каменщик кладёт?	Каменщик кладёт 	1	3	2	4	=SUM(G35:J35)
215	35	Маляр красит?	Маляр красит!	Маляр красит 	Маляр красит.	2	1	4	3	=SUM(G36:J36)
9	36	Плотник пилит!	Плотник пилит?	Плотник пилит.	Плотник пилит 	1	2	3	4	=SUM(G37:J37)
216	37	Столяр строгает?	Столяр строгает.	Столяр строгает 	Столяр строгает!	2	3	4	1	=SUM(G38:J38)
532	38	Токарь точит.	Токарь точит 	Токарь точит!	Токарь точит?	3	4	1	2	=SUM(G39:J39)
769	39	Слесарь чинит 	Слесарь чинит?	Слесарь чинит.	Слесарь чинит!	4	2	3	1	=SUM(G40:J40)
533	40	Электрик включает.	Электрик включает 	Электрик включает!	Электрик включает?	3	4	1	2	=SUM(G41:J41)
10	41	Механик чинит!	Механик чинит.	Механик чинит?	Механик чинит 	1	3	2	4	=SUM(G42:J42)
217	42	Автомеханик меняет?	Автомеханик меняет!	Автомеханик меняет 	Автомеханик меняет.	2	1	4	3	=SUM(G43:J43)
770	43	Портной шьёт 	Портной шьёт!	Портной шьёт.	Портной шьёт?	4	1	3	2	=SUM(G44:J44)
218	44	Швея шьёт?	Швея шьёт.	Швея шьёт!	Швея шьёт 	2	3	1	4	=SUM(G45:J45)
771	45	Модельер создаёт 	Модельер создаёт.	Модельер создаёт?	Модельер создаёт!	4	3	2	1	=SUM(G46:J46)
534	46	Дизайнер проектирует.	Дизайнер проектирует 	Дизайнер проектирует?	Дизайнер проектирует!	3	4	2	1	=SUM(G47:J47)
219	47	Архитектор чертит?	Архитектор чертит.	Архитектор чертит 	Архитектор чертит!	2	3	4	1	=SUM(G48:J48)
535	48	Инженер считает.	Инженер считает 	Инженер считает!	Инженер считает?	3	4	1	2	=SUM(G49:J49)
772	49	Учёный исследует 	Учёный исследует?	Учёный исследует.	Учёный исследует!	4	2	3	1	=SUM(G50:J50)
536	50	Студент учится.	Студент учится 	Студент учится!	Студент учится?	3	4	1	2	=SUM(G51:J51)
11	51	Школьник читает!	Школьник читает.	Школьник читает?	Школьник читает 	1	3	2	4	=SUM(G52:J52)
220	52	Библиотекарь выдаёт?	Библиотекарь выдаёт!	Библиотекарь выдаёт 	Библиотекарь выдаёт.	2	1	4	3	=SUM(G53:J53)
773	53	Продавец продаёт 	Продавец продаёт!	Продавец продаёт.	Продавец продаёт?	4	1	3	2	=SUM(G54:J54)
221	54	Покупатель покупает?	Покупатель покупает.	Покупатель покупает!	Покупатель покупает 	2	3	1	4	=SUM(G55:J55)
774	55	Курьер доставляет 	Курьер доставляет.	Курьер доставляет?	Курьер доставляет!	4	3	2	1	=SUM(G56:J56)
537	56	Почтальон приносит.	Почтальон приносит 	Почтальон приносит?	Почтальон приносит!	3	4	2	1	=SUM(G57:J57)
12	57	Водитель везёт!	Водитель везёт.	Водитель везёт?	Водитель везёт 	1	3	2	4	=SUM(G58:J58)
222	58	Пассажир ждёт?	Пассажир ждёт!	Пассажир ждёт 	Пассажир ждёт.	2	1	4	3	=SUM(G59:J59)
13	59	Проводник проверяет!	Проводник проверяет?	Проводник проверяет.	Проводник проверяет 	1	2	3	4	=SUM(G60:J60)
223	60	Кондуктор продаёт?	Кондуктор продаёт.	Кондуктор продаёт 	Кондуктор продаёт!	2	3	4	1	=SUM(G61:J61)
538	61	Охранник следит.	Охранник следит 	Охранник следит!	Охранник следит?	3	4	1	2	=SUM(G62:J62)
775	62	Полицейский охраняет 	Полицейский охраняет?	Полицейский охраняет.	Полицейский охраняет!	4	2	3	1	=SUM(G63:J63)
539	63	Врач лечит.	Врач лечит 	Врач лечит!	Врач лечит?	3	4	1	2	=SUM(G64:J64)
14	64	Медсестра помогает!	Медсестра помогает.	Медсестра помогает?	Медсестра помогает 	1	3	2	4	=SUM(G65:J65)
224	65	Санитар убирает?	Санитар убирает!	Санитар убирает 	Санитар убирает.	2	1	4	3	=SUM(G66:J66)
776	66	Няня заботится 	Няня заботится!	Няня заботится.	Няня заботится?	4	1	3	2	=SUM(G67:J67)
225	67	Бабушка печёт?	Бабушка печёт.	Бабушка печёт!	Бабушка печёт 	2	3	1	4	=SUM(G68:J68)
777	68	Дедушка рассказывает 	Дедушка рассказывает.	Дедушка рассказывает?	Дедушка рассказывает!	4	3	2	1	=SUM(G69:J69)
540	69	Друг помогает.	Друг помогает 	Друг помогает?	Друг помогает!	3	4	2	1	=SUM(G70:J70)
15	70	Враг преследует!	Враг преследует.	Враг преследует?	Враг преследует 	1	3	2	4	=SUM(G71:J71)
226	71	Сосед стучит?	Сосед стучит!	Сосед стучит 	Сосед стучит.	2	1	4	3	=SUM(G72:J72)
541	72	Гость приходит.	Гость приходит 	Гость приходит!	Гость приходит?	3	4	1	2	=SUM(G73:J73)
16	73	Хозяин встречает!	Хозяин встречает.	Хозяин встречает?	Хозяин встречает 	1	3	2	4	=SUM(G74:J74)
227	74	Я иду?	Я иду!	Я иду 	Я иду.	2	1	4	3	=SUM(G75:J75)
778	75	Она спит 	Она спит!	Она спит.	Она спит?	4	1	3	2	=SUM(G76:J76)
228	76	Он читает?	Он читает.	Он читает!	Он читает 	2	3	1	4	=SUM(G77:J77)
779	77	Мы едем 	Мы едем.	Мы едем?	Мы едем!	4	3	2	1	=SUM(G78:J78)
542	78	Вы пишите.	Вы пишите 	Вы пишите?	Вы пишите!	3	4	2	1	=SUM(G79:J79)
17	79	Они говорят!	Они говорят.	Они говорят?	Они говорят 	1	3	2	4	=SUM(G80:J80)
229	80	Солнце светит?	Солнце светит!	Солнце светит 	Солнце светит.	2	1	4	3	=SUM(G81:J81)
18	81	Дождь идёт!	Дождь идёт?	Дождь идёт.	Дождь идёт 	1	2	3	4	=SUM(G82:J82)
230	82	Ветер дует?	Ветер дует.	Ветер дует 	Ветер дует!	2	3	4	1	=SUM(G83:J83)
543	83	Ребёнок плачет.	Ребёнок плачет 	Ребёнок плачет!	Ребёнок плачет?	3	4	1	2	=SUM(G84:J84)
780	84	Собака лает 	Собака лает?	Собака лает.	Собака лает!	4	2	3	1	=SUM(G85:J85)
231	85	Кошка мяукает?	Кошка мяукает.	Кошка мяукает 	Кошка мяукает!	2	3	4	1	=SUM(G86:J86)
544	86	Птица поёт.	Птица поёт 	Птица поёт!	Птица поёт?	3	4	1	2	=SUM(G87:J87)
781	87	Часы идут 	Часы идут?	Часы идут.	Часы идут!	4	2	3	1	=SUM(G88:J88)
545	88	Огонь горит.	Огонь горит 	Огонь горит!	Огонь горит?	3	4	1	2	=SUM(G89:J89)
19	89	Вода течёт!	Вода течёт.	Вода течёт?	Вода течёт 	1	3	2	4	=SUM(G90:J90)
232	90	Лист падает?	Лист падает!	Лист падает 	Лист падает.	2	1	4	3	=SUM(G91:J91)
782	91	Дверь скрипит 	Дверь скрипит!	Дверь скрипит.	Дверь скрипит?	4	1	3	2	=SUM(G92:J92)
233	92	Звонок звенит?	Звонок звенит.	Звонок звенит!	Звонок звенит 	2	3	1	4	=SUM(G93:J93)
783	93	Мотор работает 	Мотор работает.	Мотор работает?	Мотор работает!	4	3	2	1	=SUM(G94:J94)
546	94	Я знаю.	Я знаю 	Я знаю?	Я знаю!	3	4	2	1	=SUM(G95:J95)
20	95	Ты видишь!	Ты видишь.	Ты видишь?	Ты видишь 	1	3	2	4	=SUM(G96:J96)
234	96	Он слышит?	Он слышит!	Он слышит 	Он слышит.	2	1	4	3	=SUM(G97:J97)
547	97	Она чувствует.	Она чувствует 	Она чувствует!	Она чувствует?	3	4	1	2	=SUM(G98:J98)
21	98	Мы помним!	Мы помним.	Мы помним?	Мы помним 	1	3	2	4	=SUM(G99:J99)
235	99	Вы понимаете?	Вы понимаете!	Вы понимаете 	Вы понимаете.	2	1	4	3	=SUM(G100:J100)
784	100	Они думают 	Они думают!	Они думают.	Они думают?	4	1	3	2	=SUM(G101:J101)
236	101	Я хочу?	Я хочу.	Я хочу!	Я хочу 	2	3	1	4	=SUM(G102:J102)
785	102	Ты можешь 	Ты можешь.	Ты можешь?	Ты можешь!	4	3	2	1	=SUM(G103:J103)
548	103	Он должен.	Он должен 	Он должен?	Он должен!	3	4	2	1	=SUM(G104:J104)
22	104	Она любит!	Она любит.	Она любит?	Она любит 	1	3	2	4	=SUM(G105:J105)
237	105	Мы ценим?	Мы ценим!	Мы ценим 	Мы ценим.	2	1	4	3	=SUM(G106:J106)
23	106	Вы уважаете!	Вы уважаете?	Вы уважаете.	Вы уважаете 	1	2	3	4	=SUM(G107:J107)
238	107	Они ждут?	Они ждут.	Они ждут 	Они ждут!	2	3	4	1	=SUM(G108:J108)
549	108	Я беру.	Я беру 	Я беру!	Я беру?	3	4	1	2	=SUM(G109:J109)
786	109	Ты даёшь 	Ты даёшь?	Ты даёшь.	Ты даёшь!	4	2	3	1	=SUM(G110:J110)
550	110	Он берёт.	Он берёт 	Он берёт!	Он берёт?	3	4	1	2	=SUM(G111:J111)
24	111	Она отдаёт!	Она отдаёт.	Она отдаёт?	Она отдаёт 	1	3	2	4	=SUM(G112:J112)
239	112	Мы носим?	Мы носим!	Мы носим 	Мы носим.	2	1	4	3	=SUM(G113:J113)
787	113	Вы кладете 	Вы кладете!	Вы кладете.	Вы кладете?	4	1	3	2	=SUM(G114:J114)
240	114	Они держат?	Они держат.	Они держат!	Они держат 	2	3	1	4	=SUM(G115:J115)
788	115	Я пишу 	Я пишу.	Я пишу?	Я пишу!	4	3	2	1	=SUM(G116:J116)
551	116	Ты рисуешь.	Ты рисуешь 	Ты рисуешь?	Ты рисуешь!	3	4	2	1	=SUM(G117:J117)
241	117	Он строит?	Он строит.	Он строит 	Он строит!	2	3	4	1	=SUM(G118:J118)
552	118	Она шьёт.	Она шьёт 	Она шьёт!	Она шьёт?	3	4	1	2	=SUM(G119:J119)
789	119	Мы клеим 	Мы клеим?	Мы клеим.	Мы клеим!	4	2	3	1	=SUM(G120:J120)
553	120	Вы режете.	Вы режете 	Вы режете!	Вы режете?	3	4	1	2	=SUM(G121:J121)
25	121	Они чинят!	Они чинят.	Они чинят?	Они чинят 	1	3	2	4	=SUM(G122:J122)
242	122	Я готовлю?	Я готовлю!	Я готовлю 	Я готовлю.	2	1	4	3	=SUM(G123:J123)
790	123	Ты печёте 	Ты печёте!	Ты печёте.	Ты печёте?	4	1	3	2	=SUM(G124:J124)
243	124	Он жарит?	Он жарит.	Он жарит!	Он жарит 	2	3	1	4	=SUM(G125:J125)
791	125	Она варит 	Она варит.	Она варит?	Она варит!	4	3	2	1	=SUM(G126:J126)
554	126	Мы мешаем.	Мы мешаем 	Мы мешаем?	Мы мешаем!	3	4	2	1	=SUM(G127:J127)
26	127	Вы наливаете!	Вы наливаете.	Вы наливаете?	Вы наливаете 	1	3	2	4	=SUM(G128:J128)
244	128	Они едят?	Они едят!	Они едят 	Они едят.	2	1	4	3	=SUM(G129:J129)
27	129	Я пью!	Я пью?	Я пью.	Я пью 	1	2	3	4	=SUM(G130:J130)
245	130	Ты кушаешь?	Ты кушаешь.	Ты кушаешь 	Ты кушаешь!	2	3	4	1	=SUM(G131:J131)
555	131	Он глотает.	Он глотает 	Он глотает!	Он глотает?	3	4	1	2	=SUM(G132:J132)
792	132	Она жуёт 	Она жуёт?	Она жуёт.	Она жуёт!	4	2	3	1	=SUM(G133:J133)
556	133	Мы пробуем.	Мы пробуем 	Мы пробуем!	Мы пробуем?	3	4	1	2	=SUM(G134:J134)
28	134	Вы закусываете!	Вы закусываете.	Вы закусываете?	Вы закусываете 	1	3	2	4	=SUM(G135:J135)
246	135	Они обедают?	Они обедают!	Они обедают 	Они обедают.	2	1	4	3	=SUM(G136:J136)
793	136	Я встаю 	Я встаю!	Я встаю.	Я встаю?	4	1	3	2	=SUM(G137:J137)
247	137	Ты садишься?	Ты садишься.	Ты садишься!	Ты садишься 	2	3	1	4	=SUM(G138:J138)
794	138	Он ложится 	Он ложится.	Он ложится?	Он ложится!	4	3	2	1	=SUM(G139:J139)
557	139	Она встаёт.	Она встаёт 	Она встаёт?	Она встаёт!	3	4	2	1	=SUM(G140:J140)
29	140	Мы садимся!	Мы садимся.	Мы садимся?	Мы садимся 	1	3	2	4	=SUM(G141:J141)
248	141	Вы ложитесь?	Вы ложитесь!	Вы ложитесь 	Вы ложитесь.	2	1	4	3	=SUM(G142:J142)
558	142	Они встают.	Они встают 	Они встают!	Они встают?	3	4	1	2	=SUM(G143:J143)
30	143	Я бегу!	Я бегу.	Я бегу?	Я бегу 	1	3	2	4	=SUM(G144:J144)
249	144	Ты плывёшь?	Ты плывёшь!	Ты плывёшь 	Ты плывёшь.	2	1	4	3	=SUM(G145:J145)
795	145	Он летает 	Он летает!	Он летает.	Он летает?	4	1	3	2	=SUM(G146:J146)
250	146	Она прыгает?	Она прыгает.	Она прыгает!	Она прыгает 	2	3	1	4	=SUM(G147:J147)
796	147	Мы ходим 	Мы ходим?	Мы ходим.	Мы ходим!	4	2	3	1	=SUM(G148:J148)
559	148	Вы бегаете.	Вы бегаете 	Вы бегаете!	Вы бегаете?	3	4	1	2	=SUM(G149:J149)
31	149	Они ползут!	Они ползут.	Они ползут?	Они ползут 	1	3	2	4	=SUM(G150:J150)
251	150	Я танцую?	Я танцую!	Я танцую 	Я танцую.	2	1	4	3	=SUM(G151:J151)
797	151	Ты поёшь 	Ты поёшь!	Ты поёшь.	Ты поёшь?	4	1	3	2	=SUM(G152:J152)
252	152	Он играет?	Он играет.	Он играет!	Он играет 	2	3	1	4	=SUM(G153:J153)
798	153	Она смеётся 	Она смеётся.	Она смеётся?	Она смеётся!	4	3	2	1	=SUM(G154:J154)
560	154	Мы плачем.	Мы плачем 	Мы плачем?	Мы плачем!	3	4	2	1	=SUM(G155:J155)
32	155	Вы улыбаетесь!	Вы улыбаетесь.	Вы улыбаетесь?	Вы улыбаетесь 	1	3	2	4	=SUM(G156:J156)
253	156	Они грустят?	Они грустят!	Они грустят 	Они грустят.	2	1	4	3	=SUM(G157:J157)
33	157	Я зову!	Я зову?	Я зову.	Я зову 	1	2	3	4	=SUM(G158:J158)
254	158	Ты кричишь?	Ты кричишь.	Ты кричишь 	Ты кричишь!	2	3	4	1	=SUM(G159:J159)
561	159	Он шепчет.	Он шепчет 	Он шепчет!	Он шепчет?	3	4	1	2	=SUM(G160:J160)
799	160	Она молчит 	Она молчит?	Она молчит.	Она молчит!	4	2	3	1	=SUM(G161:J161)
562	161	Мы спорим.	Мы спорим 	Мы спорим!	Мы спорим?	3	4	1	2	=SUM(G162:J162)
34	162	Вы соглашаетесь!	Вы соглашаетесь.	Вы соглашаетесь?	Вы соглашаетесь 	1	3	2	4	=SUM(G163:J163)
255	163	Они ругаются?	Они ругаются!	Они ругаются 	Они ругаются.	2	1	4	3	=SUM(G164:J164)
800	164	Я помогаю 	Я помогаю!	Я помогаю.	Я помогаю?	4	1	3	2	=SUM(G165:J165)
256	165	Ты спасаешь?	Ты спасаешь.	Ты спасаешь!	Ты спасаешь 	2	3	1	4	=SUM(G166:J166)
801	166	Он защищает 	Он защищает.	Он защищает?	Он защищает!	4	3	2	1	=SUM(G167:J167)
563	167	Она лечит.	Она лечит 	Она лечит?	Она лечит!	3	4	2	1	=SUM(G168:J168)
35	168	Мы учим!	Мы учим.	Мы учим?	Мы учим 	1	3	2	4	=SUM(G169:J169)
257	169	Вы объясняете?	Вы объясняете!	Вы объясняете 	Вы объясняете.	2	1	4	3	=SUM(G170:J170)
564	170	Они показывают.	Они показывают 	Они показывают!	Они показывают?	3	4	1	2	=SUM(G171:J171)
36	171	Я покупаю!	Я покупаю.	Я покупаю?	Я покупаю 	1	3	2	4	=SUM(G172:J172)
258	172	Ты продаёшь?	Ты продаёшь!	Ты продаёшь 	Ты продаёшь.	2	1	4	3	=SUM(G173:J173)
802	173	Он меняет 	Он меняет!	Он меняет.	Он меняет?	4	1	3	2	=SUM(G174:J174)
259	174	Она платит?	Она платит.	Она платит!	Она платит 	2	3	1	4	=SUM(G175:J175)
803	175	Мы копим 	Мы копим.	Мы копим?	Мы копим!	4	3	2	1	=SUM(G176:J176)
565	176	Вы тратите.	Вы тратите 	Вы тратите?	Вы тратите!	3	4	2	1	=SUM(G177:J177)
37	177	Они берут!	Они берут.	Они берут?	Они берут 	1	3	2	4	=SUM(G178:J178)
260	178	Я открываю?	Я открываю!	Я открываю 	Я открываю.	2	1	4	3	=SUM(G179:J179)
38	179	Ты закрываешь!	Ты закрываешь?	Ты закрываешь.	Ты закрываешь 	1	2	3	4	=SUM(G180:J180)
261	180	Он ломает?	Он ломает.	Он ломает 	Он ломает!	2	3	4	1	=SUM(G181:J181)
566	181	Она чинит.	Она чинит 	Она чинит!	Она чинит?	3	4	1	2	=SUM(G182:J182)
804	182	Мы моем 	Мы моем?	Мы моем.	Мы моем!	4	2	3	1	=SUM(G183:J183)
567	183	Вы стираете.	Вы стираете 	Вы стираете!	Вы стираете?	3	4	1	2	=SUM(G184:J184)
39	184	Они сушат!	Они сушат.	Они сушат?	Они сушат 	1	3	2	4	=SUM(G185:J185)
262	185	Я убираю?	Я убираю!	Я убираю 	Я убираю.	2	1	4	3	=SUM(G186:J186)
805	186	Ты пылесосишь 	Ты пылесосишь!	Ты пылесосишь.	Ты пылесосишь?	4	1	3	2	=SUM(G187:J187)
263	187	Он вытирает?	Он вытирает.	Он вытирает!	Он вытирает 	2	3	1	4	=SUM(G188:J188)
806	188	Она подметает 	Она подметает.	Она подметает?	Она подметает!	4	3	2	1	=SUM(G189:J189)
568	189	Мы сортируем.	Мы сортируем 	Мы сортируем?	Мы сортируем!	3	4	2	1	=SUM(G190:J190)
264	190	Вы выбрасываете?	Вы выбрасываете.	Вы выбрасываете 	Вы выбрасываете!	2	3	4	1	=SUM(G191:J191)
569	191	Они уносят.	Они уносят 	Они уносят!	Они уносят?	3	4	1	2	=SUM(G192:J192)
807	192	Я звоню 	Я звоню?	Я звоню.	Я звоню!	4	2	3	1	=SUM(G193:J193)
570	193	Ты пишешь.	Ты пишешь 	Ты пишешь!	Ты пишешь?	3	4	1	2	=SUM(G194:J194)
40	194	Он отправляет!	Он отправляет.	Он отправляет?	Он отправляет 	1	3	2	4	=SUM(G195:J195)
265	195	Она получает?	Она получает!	Она получает 	Она получает.	2	1	4	3	=SUM(G196:J196)
808	196	Мы читаем 	Мы читаем!	Мы читаем.	Мы читаем?	4	1	3	2	=SUM(G197:J197)
266	197	Вы отвечаете?	Вы отвечаете.	Вы отвечаете!	Вы отвечаете 	2	3	1	4	=SUM(G198:J198)
809	198	Они переписывают 	Они переписывают.	Они переписывают?	Они переписывают!	4	3	2	1	=SUM(G199:J199)
571	199	Я смотрю.	Я смотрю 	Я смотрю?	Я смотрю!	3	4	2	1	=SUM(G200:J200)
41	200	Ты наблюдаешь!	Ты наблюдаешь.	Ты наблюдаешь?	Ты наблюдаешь 	1	3	2	4	=SUM(G201:J201)
267	201	Он рассматривает?	Он рассматривает!	Он рассматривает 	Он рассматривает.	2	1	4	3	=SUM(G202:J202)
42	202	Она замечает!	Она замечает?	Она замечает.	Она замечает 	1	2	3	4	=SUM(G203:J203)
268	203	Мы видим?	Мы видим.	Мы видим 	Мы видим!	2	3	4	1	=SUM(G204:J204)
572	204	Вы глядите.	Вы глядите 	Вы глядите!	Вы глядите?	3	4	1	2	=SUM(G205:J205)
810	205	Они смотрят 	Они смотрят?	Они смотрят.	Они смотрят!	4	2	3	1	=SUM(G206:J206)
573	206	Я слышу.	Я слышу 	Я слышу!	Я слышу?	3	4	1	2	=SUM(G207:J207)
43	207	Ты прислушиваешься!	Ты прислушиваешься.	Ты прислушиваешься?	Ты прислушиваешься 	1	3	2	4	=SUM(G208:J208)
269	208	Он различает?	Он различает!	Он различает 	Он различает.	2	1	4	3	=SUM(G209:J209)
811	209	Она улавливает 	Она улавливает!	Она улавливает.	Она улавливает?	4	1	3	2	=SUM(G210:J210)
270	210	Мы слушаем?	Мы слушаем.	Мы слушаем!	Мы слушаем 	2	3	1	4	=SUM(G211:J211)
812	211	Вы вслушиваетесь 	Вы вслушиваетесь.	Вы вслушиваетесь?	Вы вслушиваетесь!	4	3	2	1	=SUM(G212:J212)
574	212	Они слышат.	Они слышат 	Они слышат?	Они слышат!	3	4	2	1	=SUM(G213:J213)
44	213	Я чувствую!	Я чувствую.	Я чувствую?	Я чувствую 	1	3	2	4	=SUM(G214:J214)
271	214	Ты ощущаешь?	Ты ощущаешь!	Ты ощущаешь 	Ты ощущаешь.	2	1	4	3	=SUM(G215:J215)
575	215	Он трогает.	Он трогает 	Он трогает!	Он трогает?	3	4	1	2	=SUM(G216:J216)
45	216	Она гладит!	Она гладит.	Она гладит?	Она гладит 	1	3	2	4	=SUM(G217:J217)
272	217	Мы касаемся?	Мы касаемся!	Мы касаемся 	Мы касаемся.	2	1	4	3	=SUM(G218:J218)
813	218	Вы ощущаете 	Вы ощущаете!	Вы ощущаете.	Вы ощущаете?	4	1	3	2	=SUM(G219:J219)
273	219	Они чувствуют?	Они чувствуют.	Они чувствуют!	Они чувствуют 	2	3	1	4	=SUM(G220:J220)
814	220	Я помню 	Я помню.	Я помню?	Я помню!	4	3	2	1	=SUM(G221:J221)
576	221	Ты запоминаешь.	Ты запоминаешь 	Ты запоминаешь?	Ты запоминаешь!	3	4	2	1	=SUM(G222:J222)
46	222	Он вспоминает!	Он вспоминает.	Он вспоминает?	Он вспоминает 	1	3	2	4	=SUM(G223:J223)
274	223	Она забывает?	Она забывает!	Она забывает 	Она забывает.	2	1	4	3	=SUM(G224:J224)
47	224	Мы храним!	Мы храним?	Мы храним.	Мы храним 	1	2	3	4	=SUM(G225:J225)
275	225	Вы восстанавливаете?	Вы восстанавливаете.	Вы восстанавливаете 	Вы восстанавливаете!	2	3	4	1	=SUM(G226:J226)
577	226	Они помнят.	Они помнят 	Они помнят!	Они помнят?	3	4	1	2	=SUM(G227:J227)
815	227	Я верю 	Я верю?	Я верю.	Я верю!	4	2	3	1	=SUM(G228:J228)
276	228	Ты доверяешь?	Ты доверяешь.	Ты доверяешь 	Ты доверяешь!	2	3	4	1	=SUM(G229:J229)
578	229	Он сомневается.	Он сомневается 	Он сомневается!	Он сомневается?	3	4	1	2	=SUM(G230:J230)
816	230	Она убеждается 	Она убеждается?	Она убеждается.	Она убеждается!	4	2	3	1	=SUM(G231:J231)
579	231	Мы верим.	Мы верим 	Мы верим!	Мы верим?	3	4	1	2	=SUM(G232:J232)
48	232	Вы проверяете!	Вы проверяете.	Вы проверяете?	Вы проверяете 	1	3	2	4	=SUM(G233:J233)
277	233	Они сомневаются?	Они сомневаются!	Они сомневаются 	Они сомневаются.	2	1	4	3	=SUM(G234:J234)
817	234	Я надеюсь 	Я надеюсь!	Я надеюсь.	Я надеюсь?	4	1	3	2	=SUM(G235:J235)
278	235	Ты ждёшь?	Ты ждёшь.	Ты ждёшь!	Ты ждёшь 	2	3	1	4	=SUM(G236:J236)
818	236	Он мечтает 	Он мечтает.	Он мечтает?	Он мечтает!	4	3	2	1	=SUM(G237:J237)
580	237	Она фантазирует.	Она фантазирует 	Она фантазирует?	Она фантазирует!	3	4	2	1	=SUM(G238:J238)
49	238	Мы желаем!	Мы желаем.	Мы желаем?	Мы желаем 	1	3	2	4	=SUM(G239:J239)
279	239	Вы стремитесь?	Вы стремитесь!	Вы стремитесь 	Вы стремитесь.	2	1	4	3	=SUM(G240:J240)
581	240	Они надеяться.	Они надеяться 	Они надеяться!	Они надеяться?	3	4	1	2	=SUM(G241:J241)
50	241	Я боюсь!	Я боюсь.	Я боюсь?	Я боюсь 	1	3	2	4	=SUM(G242:J242)
280	242	Ты пугаешься?	Ты пугаешься!	Ты пугаешься 	Ты пугаешься.	2	1	4	3	=SUM(G243:J243)
819	243	Он опасается 	Он опасается!	Он опасается.	Он опасается?	4	1	3	2	=SUM(G244:J244)
281	244	Она трепещет?	Она трепещет.	Она трепещет!	Она трепещет 	2	3	1	4	=SUM(G245:J245)
820	245	Мы боимся 	Мы боимся.	Мы боимся?	Мы боимся!	4	3	2	1	=SUM(G246:J246)
582	246	Вы переживаете.	Вы переживаете 	Вы переживаете?	Вы переживаете!	3	4	2	1	=SUM(G247:J247)
51	247	Они страшатся!	Они страшатся.	Они страшатся?	Они страшатся 	1	3	2	4	=SUM(G248:J248)
282	248	Я радуюсь?	Я радуюсь!	Я радуюсь 	Я радуюсь.	2	1	4	3	=SUM(G249:J249)
52	249	Ты ликуешь!	Ты ликуешь?	Ты ликуешь.	Ты ликуешь 	1	2	3	4	=SUM(G250:J250)
283	250	Он восторгается?	Он восторгается.	Он восторгается 	Он восторгается!	2	3	4	1	=SUM(G251:J251)
583	251	Она улыбается.	Она улыбается 	Она улыбается!	Она улыбается?	3	4	1	2	=SUM(G252:J252)
821	252	Мы радоваться 	Мы радоваться?	Мы радоваться.	Мы радоваться!	4	2	3	1	=SUM(G253:J253)
584	253	Вы веселитесь.	Вы веселитесь 	Вы веселитесь!	Вы веселитесь?	3	4	1	2	=SUM(G254:J254)
53	254	Они счастливы!	Они счастливы.	Они счастливы?	Они счастливы 	1	3	2	4	=SUM(G255:J255)
284	255	Я сержусь?	Я сержусь!	Я сержусь 	Я сержусь.	2	1	4	3	=SUM(G256:J256)
822	256	Ты злишься 	Ты злишься!	Ты злишься.	Ты злишься?	4	1	3	2	=SUM(G257:J257)
285	257	Он возмущается?	Он возмущается.	Он возмущается!	Он возмущается 	2	3	1	4	=SUM(G258:J258)
823	258	Она негодует 	Она негодует.	Она негодует?	Она негодует!	4	3	2	1	=SUM(G259:J259)
585	259	Мы сердимся.	Мы сердимся 	Мы сердимся?	Мы сердимся!	3	4	2	1	=SUM(G260:J260)
286	260	Вы раздражаетесь?	Вы раздражаетесь.	Вы раздражаетесь 	Вы раздражаетесь!	2	3	4	1	=SUM(G261:J261)
586	261	Они злятся.	Они злятся 	Они злятся!	Они злятся?	3	4	1	2	=SUM(G262:J262)
824	262	Я прощаю 	Я прощаю?	Я прощаю.	Я прощаю!	4	2	3	1	=SUM(G263:J263)
587	263	Я иду.	Я иду 	Я иду!	Я иду?	3	4	1	2	=SUM(G264:J264)
54	264	Она спит!	Она спит.	Она спит?	Она спит 	1	3	2	4	=SUM(G265:J265)
287	265	Он читает?	Он читает!	Он читает 	Он читает.	2	1	4	3	=SUM(G266:J266)
825	266	Мы едим 	Мы едим!	Мы едим.	Мы едим?	4	1	3	2	=SUM(G267:J267)
288	267	Вы пишете?	Вы пишете.	Вы пишете!	Вы пишете 	2	3	1	4	=SUM(G268:J268)
826	268	Они говорят 	Они говорят.	Они говорят?	Они говорят!	4	3	2	1	=SUM(G269:J269)
588	269	Солнце светит.	Солнце светит 	Солнце светит?	Солнце светит!	3	4	2	1	=SUM(G270:J270)
55	270	Дождь идёт!	Дождь идёт.	Дождь идёт?	Дождь идёт 	1	3	2	4	=SUM(G271:J271)
289	271	Ветер дует?	Ветер дует!	Ветер дует 	Ветер дует.	2	1	4	3	=SUM(G272:J272)
56	272	Ребёнок плачет!	Ребёнок плачет?	Ребёнок плачет.	Ребёнок плачет 	1	2	3	4	=SUM(G273:J273)
290	273	Собака лает?	Собака лает.	Собака лает 	Собака лает!	2	3	4	1	=SUM(G274:J274)
589	274	Кошка мяукает.	Кошка мяукает 	Кошка мяукает!	Кошка мяукает?	3	4	1	2	=SUM(G275:J275)
291	275	Птица поёт?	Птица поёт 	Птица поёт?	Птица поёт?	2	4	2	2	=SUM(G276:J276)
57	276	Часы тикают!	Часы тикают.	Часы тикают?	Часы тикают 	1	3	2	4	=SUM(G277:J277)
292	277	Огонь горит?	Огонь горит!	Огонь горит 	Огонь горит.	2	1	4	3	=SUM(G278:J278)
827	278	Вода течёт 	Вода течёт!	Вода течёт.	Вода течёт?	4	1	3	2	=SUM(G279:J279)
293	279	Лист падает?	Лист падает.	Лист падает!	Лист падает 	2	3	1	4	=SUM(G280:J280)
828	280	Дверь скрипит 	Дверь скрипит.	Дверь скрипит?	Дверь скрипит!	4	3	2	1	=SUM(G281:J281)
590	281	Звонок звенит.	Звонок звенит 	Звонок звенит?	Звонок звенит!	3	4	2	1	=SUM(G282:J282)
58	282	Мотор работает!	Мотор работает.	Мотор работает?	Мотор работает 	1	3	2	4	=SUM(G283:J283)
294	283	Я знаю?	Я знаю!	Я знаю 	Я знаю.	2	1	4	3	=SUM(G284:J284)
591	284	Ты видишь.	Ты видишь 	Ты видишь!	Ты видишь?	3	4	1	2	=SUM(G285:J285)
59	285	Он слышит!	Он слышит.	Он слышит?	Он слышит 	1	3	2	4	=SUM(G286:J286)
295	286	Она чувствует?	Она чувствует!	Она чувствует 	Она чувствует.	2	1	4	3	=SUM(G287:J287)
829	287	Мы помним 	Мы помним!	Мы помним.	Мы помним?	4	1	3	2	=SUM(G288:J288)
296	288	Вы понимаете?	Вы понимаете.	Вы понимаете!	Вы понимаете 	2	3	1	4	=SUM(G289:J289)
830	289	Они думают 	Они думают.	Они думают?	Они думают!	4	3	2	1	=SUM(G290:J290)
592	290	Я хочу.	Я хочу 	Я хочу?	Я хочу!	3	4	2	1	=SUM(G291:J291)
60	291	Ты можешь!	Ты можешь.	Ты можешь?	Ты можешь 	1	3	2	4	=SUM(G292:J292)
297	292	Он должен?	Он должен!	Он должен 	Он должен.	2	1	4	3	=SUM(G293:J293)
61	293	Она любит!	Она любит?	Она любит.	Она любит 	1	2	3	4	=SUM(G294:J294)
298	294	Мы ценим?	Мы ценим.	Мы ценим 	Мы ценим!	2	3	4	1	=SUM(G295:J295)
593	295	Вы уважаете.	Вы уважаете 	Вы уважаете!	Вы уважаете?	3	4	1	2	=SUM(G296:J296)
831	296	Они ждут 	Они ждут?	Они ждут.	Они ждут!	4	2	3	1	=SUM(G297:J297)
594	297	Я беру.	Я беру 	Я беру!	Я беру?	3	4	1	2	=SUM(G298:J298)
62	298	Ты даёшь!	Ты даёшь.	Ты даёшь?	Ты даёшь 	1	3	2	4	=SUM(G299:J299)
299	299	Он берёт?	Он берёт!	Он берёт 	Он берёт.	2	1	4	3	=SUM(G300:J300)
832	300	Она отдаёт 	Она отдаёт!	Она отдаёт.	Она отдаёт?	4	1	3	2	=SUM(G301:J301)
300	301	Мы несем?	Мы несем.	Мы несем!	Мы несем 	2	3	1	4	=SUM(G302:J302)
833	302	Вы кладёте 	Вы кладёте.	Вы кладёте?	Вы кладёте!	4	3	2	1	=SUM(G303:J303)
595	303	Они держат.	Они держат 	Они держат?	Они держат!	3	4	2	1	=SUM(G304:J304)
301	304	Я пишу?	Я пишу.	Я пишу 	Я пишу!	2	3	4	1	=SUM(G305:J305)
596	305	Ты рисуешь.	Ты рисуешь 	Ты рисуешь!	Ты рисуешь?	3	4	1	2	=SUM(G306:J306)
834	306	Он строит 	Он строит?	Он строит.	Он строит!	4	2	3	1	=SUM(G307:J307)
597	307	Она шьёт.	Она шьёт 	Она шьёт!	Она шьёт?	3	4	1	2	=SUM(G308:J308)
63	308	Мы клеим!	Мы клеим.	Мы клеим?	Мы клеим 	1	3	2	4	=SUM(G309:J309)
302	309	Вы режете?	Вы режете!	Вы режете 	Вы режете.	2	1	4	3	=SUM(G310:J310)
835	310	Они чинят 	Они чинят!	Они чинят.	Они чинят?	4	1	3	2	=SUM(G311:J311)
303	311	Я готовлю?	Я готовлю.	Я готовлю!	Я готовлю 	2	3	1	4	=SUM(G312:J312)
836	312	Ты печёшь 	Ты печёшь.	Ты печёшь?	Ты печёшь!	4	3	2	1	=SUM(G313:J313)
598	313	Он жарит.	Он жарит 	Он жарит?	Он жарит!	3	4	2	1	=SUM(G314:J314)
64	314	Она варит!	Она варит.	Она варит?	Она варит 	1	3	2	4	=SUM(G315:J315)
304	315	Мы мешаем?	Мы мешаем!	Мы мешаем 	Мы мешаем.	2	1	4	3	=SUM(G316:J316)
65	316	Вы наливаете!	Вы наливаете?	Вы наливаете.	Вы наливаете 	1	2	3	4	=SUM(G317:J317)
305	317	Они едят?	Они едят.	Они едят 	Они едят!	2	3	4	1	=SUM(G318:J318)
599	318	Я пью.	Я пью 	Я пью!	Я пью?	3	4	1	2	=SUM(G319:J319)
837	319	Ты кушаешь 	Ты кушаешь?	Ты кушаешь.	Ты кушаешь!	4	2	3	1	=SUM(G320:J320)
600	320	Он глотает.	Он глотает 	Он глотает!	Он глотает?	3	4	1	2	=SUM(G321:J321)
66	321	Она жуёт!	Она жуёт.	Она жуёт?	Она жуёт 	1	3	2	4	=SUM(G322:J322)
306	322	Мы пробуем?	Мы пробуем!	Мы пробуем 	Мы пробуем.	2	1	4	3	=SUM(G323:J323)
838	323	Вы закусываете 	Вы закусываете!	Вы закусываете.	Вы закусываете?	4	1	3	2	=SUM(G324:J324)
307	324	Они обедают?	Они обедают.	Они обедают!	Они обедают 	2	3	1	4	=SUM(G325:J325)
839	325	Я встаю 	Я встаю.	Я встаю?	Я встаю!	4	3	2	1	=SUM(G326:J326)
601	326	Ты садишься.	Ты садишься 	Ты садишься?	Ты садишься!	3	4	2	1	=SUM(G327:J327)
67	327	Он ложится!	Он ложится.	Он ложится?	Он ложится 	1	3	2	4	=SUM(G328:J328)
308	328	Она встаёт?	Она встаёт!	Она встаёт 	Она встаёт.	2	1	4	3	=SUM(G329:J329)
602	329	Мы садимся.	Мы садимся 	Мы садимся!	Мы садимся?	3	4	1	2	=SUM(G330:J330)
68	330	Вы ложитесь!	Вы ложитесь.	Вы ложитесь?	Вы ложитесь 	1	3	2	4	=SUM(G331:J331)
309	331	Они встают?	Они встают!	Они встают 	Они встают.	2	1	4	3	=SUM(G332:J332)
840	332	Я бегу 	Я бегу!	Я бегу.	Я бегу?	4	1	3	2	=SUM(G333:J333)
310	333	Ты плывёшь?	Ты плывёшь.	Ты плывёшь!	Ты плывёшь 	2	3	1	4	=SUM(G334:J334)
841	334	Он летает 	Он летает.	Он летает?	Он летает!	4	3	2	1	=SUM(G335:J335)
603	335	Она прыгает.	Она прыгает 	Она прыгает?	Она прыгает!	3	4	2	1	=SUM(G336:J336)
69	336	Мы ходим!	Мы ходим.	Мы ходим?	Мы ходим 	1	3	2	4	=SUM(G337:J337)
311	337	Вы бегаете?	Вы бегаете!	Вы бегаете 	Вы бегаете.	2	1	4	3	=SUM(G338:J338)
70	338	Они ползут!	Они ползут?	Они ползут.	Они ползут 	1	2	3	4	=SUM(G339:J339)
312	339	Я танцую?	Я танцую.	Я танцую 	Я танцую!	2	3	4	1	=SUM(G340:J340)
604	340	Ты поёшь.	Ты поёшь 	Ты поёшь!	Ты поёшь?	3	4	1	2	=SUM(G341:J341)
842	341	Он играет 	Он играет?	Он играет.	Он играет!	4	2	3	1	=SUM(G342:J342)
313	342	Она смеётся?	Она смеётся.	Она смеётся 	Она смеётся!	2	3	4	1	=SUM(G343:J343)
605	343	Мы плачем.	Мы плачем 	Мы плачем!	Мы плачем?	3	4	1	2	=SUM(G344:J344)
843	344	Вы улыбаетесь 	Вы улыбаетесь?	Вы улыбаетесь.	Вы улыбаетесь!	4	2	3	1	=SUM(G345:J345)
606	345	Они грустят.	Они грустят 	Они грустят!	Они грустят?	3	4	1	2	=SUM(G346:J346)
71	346	Я зову!	Я зову.	Я зову?	Я зову 	1	3	2	4	=SUM(G347:J347)
314	347	Ты кричишь?	Ты кричишь!	Ты кричишь 	Ты кричишь.	2	1	4	3	=SUM(G348:J348)
844	348	Он шепчет 	Он шепчет!	Он шепчет.	Он шепчет?	4	1	3	2	=SUM(G349:J349)
315	349	Она молчит?	Она молчит.	Она молчит!	Она молчит 	2	3	1	4	=SUM(G350:J350)
845	350	Мы спорим 	Мы спорим.	Мы спорим?	Мы спорим!	4	3	2	1	=SUM(G351:J351)
607	351	Вы соглашаетесь.	Вы соглашаетесь 	Вы соглашаетесь?	Вы соглашаетесь!	3	4	2	1	=SUM(G352:J352)
72	352	Они ругаются!	Они ругаются.	Они ругаются?	Они ругаются 	1	3	2	4	=SUM(G353:J353)
316	353	Я помогаю?	Я помогаю!	Я помогаю 	Я помогаю.	2	1	4	3	=SUM(G354:J354)
608	354	Ты спасаешь.	Ты спасаешь 	Ты спасаешь!	Ты спасаешь?	3	4	1	2	=SUM(G355:J355)
73	355	Он защищает!	Он защищает.	Он защищает?	Он защищает 	1	3	2	4	=SUM(G356:J356)
317	356	Она лечит?	Она лечит!	Она лечит 	Она лечит.	2	1	4	3	=SUM(G357:J357)
846	357	Мы учим 	Мы учим!	Мы учим.	Мы учим?	4	1	3	2	=SUM(G358:J358)
318	358	Вы объясняете?	Вы объясняете.	Вы объясняете!	Вы объясняете 	2	3	1	4	=SUM(G359:J359)
847	359	Они показывают 	Они показывают.	Они показывают?	Они показывают!	4	3	2	1	=SUM(G360:J360)
609	360	Я покупаю.	Я покупаю 	Я покупаю?	Я покупаю!	3	4	2	1	=SUM(G361:J361)
74	361	Ты продаёшь!	Ты продаёшь.	Ты продаёшь?	Ты продаёшь 	1	3	2	4	=SUM(G362:J362)
319	362	Он меняет?	Он меняет!	Он меняет 	Он меняет.	2	1	4	3	=SUM(G363:J363)
75	363	 Она платит!	 Она платит?	 Она платит.	 Она платит 	1	2	3	4	=SUM(G364:J364)
320	364	 Мы копим?	 Мы копим.	 Мы копим 	 Мы копим!	2	3	4	1	=SUM(G365:J365)
610	365	 Вы тратите.	 Вы тратите 	 Вы тратите!	 Вы тратите?	3	4	1	2	=SUM(G366:J366)
848	366	 Они берут 	 Они берут?	 Они берут.	 Они берут!	4	2	3	1	=SUM(G367:J367)
611	367	 Я открываю.	 Я открываю 	 Я открываю!	 Я открываю?	3	4	1	2	=SUM(G368:J368)
76	368	 Ты закрываешь!	 Ты закрываешь.	 Ты закрываешь?	 Ты закрываешь 	1	3	2	4	=SUM(G369:J369)
321	369	 Он ломает?	 Он ломает!	 Он ломает 	 Он ломает.	2	1	4	3	=SUM(G370:J370)
849	370	 Она чинит 	 Она чинит!	 Она чинит.	 Она чинит?	4	1	3	2	=SUM(G371:J371)
322	371	 Мы моем?	 Мы моем.	 Мы моем!	 Мы моем 	2	3	1	4	=SUM(G372:J372)
850	372	 Вы стираете 	 Вы стираете.	 Вы стираете?	 Вы стираете!	4	3	2	1	=SUM(G373:J373)
612	373	 Они сушат.	 Они сушат 	 Они сушат?	 Они сушат!	3	4	2	1	=SUM(G374:J374)
323	374	 Я убираю?	 Я убираю.	 Я убираю 	 Я убираю!	2	3	4	1	=SUM(G375:J375)
613	375	 Ты пылесосишь.	 Ты пылесосишь 	 Ты пылесосишь!	 Ты пылесосишь?	3	4	1	2	=SUM(G376:J376)
851	376	 Он вытирает 	 Он вытирает?	 Он вытирает.	 Он вытирает!	4	2	3	1	=SUM(G377:J377)
614	377	 Она подметает.	 Она подметает 	 Она подметает!	 Она подметает?	3	4	1	2	=SUM(G378:J378)
77	378	 Мы сортируем!	 Мы сортируем.	 Мы сортируем?	 Мы сортируем 	1	3	2	4	=SUM(G379:J379)
324	379	 Вы выбрасываете?	 Вы выбрасываете!	 Вы выбрасываете 	 Вы выбрасываете.	2	1	4	3	=SUM(G380:J380)
852	380	 Они уносят 	 Они уносят!	 Они уносят.	 Они уносят?	4	1	3	2	=SUM(G381:J381)
325	381	 Я звоню?	 Я звоню.	 Я звоню!	 Я звоню 	2	3	1	4	=SUM(G382:J382)
853	382	 Ты пишешь 	 Ты пишешь.	 Ты пишешь?	 Ты пишешь!	4	3	2	1	=SUM(G383:J383)
615	383	 Он отправляет.	 Он отправляет 	 Он отправляет?	 Он отправляет!	3	4	2	1	=SUM(G384:J384)
78	384	 Она получает!	 Она получает.	 Она получает?	 Она получает 	1	3	2	4	=SUM(G385:J385)
326	385	 Мы читаем?	 Мы читаем!	 Мы читаем 	 Мы читаем.	2	1	4	3	=SUM(G386:J386)
79	386	 Вы отвечаете!	 Вы отвечаете?	 Вы отвечаете.	 Вы отвечаете 	1	2	3	4	=SUM(G387:J387)
327	387	 Они переписывают?	 Они переписывают.	 Они переписывают 	 Они переписывают!	2	3	4	1	=SUM(G388:J388)
616	388	 Я смотрю.	 Я смотрю 	 Я смотрю!	 Я смотрю?	3	4	1	2	=SUM(G389:J389)
854	389	 Ты наблюдаешь 	 Ты наблюдаешь?	 Ты наблюдаешь.	 Ты наблюдаешь!	4	2	3	1	=SUM(G390:J390)
617	390	 Он рассматривает.	 Он рассматривает 	 Он рассматривает!	 Он рассматривает?	3	4	1	2	=SUM(G391:J391)
80	391	 Она замечает!	 Она замечает.	 Она замечает?	 Она замечает 	1	3	2	4	=SUM(G392:J392)
328	392	 Мы видим?	 Мы видим!	 Мы видим 	 Мы видим.	2	1	4	3	=SUM(G393:J393)
855	393	 Вы глядите 	 Вы глядите!	 Вы глядите.	 Вы глядите?	4	1	3	2	=SUM(G394:J394)
329	394	 Они смотрят?	 Они смотрят.	 Они смотрят!	 Они смотрят 	2	3	1	4	=SUM(G395:J395)
856	395	 Я слышу 	 Я слышу.	 Я слышу?	 Я слышу!	4	3	2	1	=SUM(G396:J396)
618	396	 Ты прислушиваешься.	 Ты прислушиваешься 	 Ты прислушиваешься?	 Ты прислушиваешься!	3	4	2	1	=SUM(G397:J397)
81	397	 Он различает!	 Он различает.	 Он различает?	 Он различает 	1	3	2	4	=SUM(G398:J398)
330	398	 Она улавливает?	 Она улавливает!	 Она улавливает 	 Она улавливает.	2	1	4	3	=SUM(G399:J399)
619	399	 Мы слушаем.	 Мы слушаем 	 Мы слушаем!	 Мы слушаем?	3	4	1	2	=SUM(G400:J400)
82	400	 Вы вслушиваетесь!	 Вы вслушиваетесь.	 Вы вслушиваетесь?	 Вы вслушиваетесь 	1	3	2	4	=SUM(G401:J401)
331	401	 Они слышат?	 Они слышат!	 Они слышат 	 Они слышат.	2	1	4	3	=SUM(G402:J402)
857	402	 Я чувствую 	 Я чувствую!	 Я чувствую.	 Я чувствую?	4	1	3	2	=SUM(G403:J403)
332	403	 Ты ощущаешь?	 Ты ощущаешь.	 Ты ощущаешь!	 Ты ощущаешь 	2	3	1	4	=SUM(G404:J404)
858	404	 Он трогает 	 Он трогает?	 Он трогает.	 Он трогает!	4	2	3	1	=SUM(G405:J405)
620	405	 Она гладит.	 Она гладит 	 Она гладит!	 Она гладит?	3	4	1	2	=SUM(G406:J406)
83	406	 Мы касаемся!	 Мы касаемся.	 Мы касаемся?	 Мы касаемся 	1	3	2	4	=SUM(G407:J407)
333	407	 Вы ощущаете?	 Вы ощущаете!	 Вы ощущаете 	 Вы ощущаете.	2	1	4	3	=SUM(G408:J408)
859	408	 Они чувствуют 	 Они чувствуют!	 Они чувствуют.	 Они чувствуют?	4	1	3	2	=SUM(G409:J409)
334	409	 Я помню?	 Я помню.	 Я помню!	 Я помню 	2	3	1	4	=SUM(G410:J410)
860	410	 Ты запоминаешь 	 Ты запоминаешь.	 Ты запоминаешь?	 Ты запоминаешь!	4	3	2	1	=SUM(G411:J411)
621	411	 Он вспоминает.	 Он вспоминает 	 Он вспоминает?	 Он вспоминает!	3	4	2	1	=SUM(G412:J412)
84	412	 Она забывает!	 Она забывает.	 Она забывает?	 Она забывает 	1	3	2	4	=SUM(G413:J413)
335	413	 Мы храним?	 Мы храним!	 Мы храним 	 Мы храним.	2	1	4	3	=SUM(G414:J414)
85	414	 Вы восстанавливаете!	 Вы восстанавливаете?	 Вы восстанавливаете.	 Вы восстанавливаете 	1	2	3	4	=SUM(G415:J415)
336	415	 Они помнят?	 Они помнят.	 Они помнят 	 Они помнят!	2	3	4	1	=SUM(G416:J416)
622	416	 Я верю.	 Я верю 	 Я верю!	 Я верю?	3	4	1	2	=SUM(G417:J417)
861	417	 Ты доверяешь 	 Ты доверяешь?	 Ты доверяешь.	 Ты доверяешь!	4	2	3	1	=SUM(G418:J418)
623	418	 Он сомневается.	 Он сомневается 	 Он сомневается!	 Он сомневается?	3	4	1	2	=SUM(G419:J419)
86	419	 Она убеждается!	 Она убеждается.	 Она убеждается?	 Она убеждается 	1	3	2	4	=SUM(G420:J420)
337	420	 Мы верим?	 Мы верим!	 Мы верим 	 Мы верим.	2	1	4	3	=SUM(G421:J421)
862	421	 Вы проверяете 	 Вы проверяете!	 Вы проверяете.	 Вы проверяете?	4	1	3	2	=SUM(G422:J422)
338	422	 Они сомневаются?	 Они сомневаются.	 Они сомневаются!	 Они сомневаются 	2	3	1	4	=SUM(G423:J423)
863	423	 Я надеюсь 	 Я надеюсь.	 Я надеюсь?	 Я надеюсь!	4	3	2	1	=SUM(G424:J424)
624	424	 Ты ждёшь.	 Ты ждёшь 	 Ты ждёшь?	 Ты ждёшь!	3	4	2	1	=SUM(G425:J425)
87	425	 Он мечтает!	 Он мечтает.	 Он мечтает?	 Он мечтает 	1	3	2	4	=SUM(G426:J426)
339	426	 Она фантазирует?	 Она фантазирует!	 Она фантазирует 	 Она фантазирует.	2	1	4	3	=SUM(G427:J427)
625	427	 Мы желаем.	 Мы желаем 	 Мы желаем!	 Мы желаем?	3	4	1	2	=SUM(G428:J428)
88	428	 Вы стремитесь!	 Вы стремитесь.	 Вы стремитесь?	 Вы стремитесь 	1	3	2	4	=SUM(G429:J429)
340	429	 Они надеются?	 Они надеются!	 Они надеются 	 Они надеются.	2	1	4	3	=SUM(G430:J430)
864	430	 Я боюсь 	 Я боюсь!	 Я боюсь.	 Я боюсь?	4	1	3	2	=SUM(G431:J431)
341	431	 Ты пугаешься?	 Ты пугаешься.	 Ты пугаешься!	 Ты пугаешься 	2	3	1	4	=SUM(G432:J432)
865	432	 Он опасается 	 Он опасается.	 Он опасается?	 Он опасается!	4	3	2	1	=SUM(G433:J433)
626	433	 Она трепещет.	 Она трепещет 	 Она трепещет?	 Она трепещет!	3	4	2	1	=SUM(G434:J434)
89	434	 Мы боимся!	 Мы боимся.	 Мы боимся?	 Мы боимся 	1	3	2	4	=SUM(G435:J435)
342	435	 Вы переживаете?	 Вы переживаете!	 Вы переживаете 	 Вы переживаете.	2	1	4	3	=SUM(G436:J436)
90	436	 Они страшатся!	 Они страшатся?	 Они страшатся.	 Они страшатся 	1	2	3	4	=SUM(G437:J437)
343	437	 Я радуюсь?	 Я радуюсь.	 Я радуюсь 	 Я радуюсь!	2	3	4	1	=SUM(G438:J438)
627	438	 Ты ликуешь.	 Ты ликуешь 	 Ты ликуешь!	 Ты ликуешь?	3	4	1	2	=SUM(G439:J439)
866	439	 Он восторгается 	 Он восторгается?	 Он восторгается.	 Он восторгается!	4	2	3	1	=SUM(G440:J440)
628	440	 Она улыбается.	 Она улыбается 	 Она улыбается!	 Она улыбается?	3	4	1	2	=SUM(G441:J441)
91	441	 Мы радуемся!	 Мы радуемся.	 Мы радуемся?	 Мы радуемся 	1	3	2	4	=SUM(G442:J442)
344	442	 Вы веселитесь?	 Вы веселитесь!	 Вы веселитесь 	 Вы веселитесь.	2	1	4	3	=SUM(G443:J443)
867	443	 Они счастливы 	 Они счастливы!	 Они счастливы.	 Они счастливы?	4	1	3	2	=SUM(G444:J444)
345	444	 Я сержусь?	 Я сержусь.	 Я сержусь!	 Я сержусь 	2	3	1	4	=SUM(G445:J445)
868	445	 Ты злишься 	 Ты злишься.	 Ты злишься?	 Ты злишься!	4	3	2	1	=SUM(G446:J446)
629	446	 Он возмущается.	 Он возмущается 	 Он возмущается?	 Он возмущается!	3	4	2	1	=SUM(G447:J447)
346	447	 Она негодует?	 Она негодует.	 Она негодует 	 Она негодует!	2	3	4	1	=SUM(G448:J448)
630	448	 Мы сердимся.	 Мы сердимся 	 Мы сердимся!	 Мы сердимся?	3	4	1	2	=SUM(G449:J449)
869	449	 Вы раздражаетесь 	 Вы раздражаетесь?	 Вы раздражаетесь.	 Вы раздражаетесь!	4	2	3	1	=SUM(G450:J450)
631	450	 Они злятся.	 Они злятся 	 Они злятся!	 Они злятся?	3	4	1	2	=SUM(G451:J451)
92	451	 Я прощаю!	 Я прощаю.	 Я прощаю?	 Я прощаю 	1	3	2	4	=SUM(G452:J452)
347	452	 Ты прощаешь?	 Ты прощаешь!	 Ты прощаешь 	 Ты прощаешь.	2	1	4	3	=SUM(G453:J453)
870	453	 Он прощает 	 Он прощает!	 Он прощает.	 Он прощает?	4	1	3	2	=SUM(G454:J454)
348	454	 Она прощает?	 Она прощает.	 Она прощает!	 Она прощает 	2	3	1	4	=SUM(G455:J455)
871	455	 Мы прощаем 	 Мы прощаем.	 Мы прощаем?	 Мы прощаем!	4	3	2	1	=SUM(G456:J456)
632	456	 Вы прощаете.	 Вы прощаете 	 Вы прощаете?	 Вы прощаете!	3	4	2	1	=SUM(G457:J457)
93	457	 Они прощают!	 Они прощают.	 Они прощают?	 Они прощают 	1	3	2	4	=SUM(G458:J458)
349	458	 Я плачу?	 Я плачу!	 Я плачу 	 Я плачу.	2	1	4	3	=SUM(G459:J459)
94	459	 Ты плачешь!	 Ты плачешь?	 Ты плачешь.	 Ты плачешь 	1	2	3	4	=SUM(G460:J460)
350	460	 Он плачет?	 Он плачет.	 Он плачет 	 Он плачет!	2	3	4	1	=SUM(G461:J461)
633	461	 Она плачет.	 Она плачет 	 Она плачет!	 Она плачет?	3	4	1	2	=SUM(G462:J462)
872	462	 Мы плачем 	 Мы плачем?	 Мы плачем.	 Мы плачем!	4	2	3	1	=SUM(G463:J463)
634	463	Вы плачете.	Вы плачете 	Вы плачете!	Вы плачете?	3	4	1	2	=SUM(G464:J464)
95	464	Они плачут!	Они плачут.	Они плачут?	Они плачут 	1	3	2	4	=SUM(G465:J465)
351	465	Я зову?	Я зову!	Я зову 	Я зову.	2	1	4	3	=SUM(G466:J466)
873	466	Ты зовёшь 	Ты зовёшь!	Ты зовёшь.	Ты зовёшь?	4	1	3	2	=SUM(G467:J467)
352	467	Он зовёт?	Он зовёт.	Он зовёт!	Он зовёт 	2	3	1	4	=SUM(G468:J468)
874	468	Она зовёт 	Она зовёт.	Она зовёт?	Она зовёт!	4	3	2	1	=SUM(G469:J469)
635	469	Мы зовём.	Мы зовём 	Мы зовём?	Мы зовём!	3	4	2	1	=SUM(G470:J470)
96	470	Вы зовёте!	Вы зовёте.	Вы зовёте?	Вы зовёте 	1	3	2	4	=SUM(G471:J471)
353	471	Они зовут?	Они зовут!	Они зовут 	Они зовут.	2	1	4	3	=SUM(G472:J472)
636	472	Я несу.	Я несу 	Я несу!	Я несу?	3	4	1	2	=SUM(G473:J473)
97	473	Ты несёшь!	Ты несёшь.	Ты несёшь?	Ты несёшь 	1	3	2	4	=SUM(G474:J474)
354	474	Он несёт?	Он несёт!	Он несёт 	Он несёт.	2	1	4	3	=SUM(G475:J475)
875	475	Она несёт 	Она несёт!	Она несёт.	Она несёт?	4	1	3	2	=SUM(G476:J476)
355	476	Мы несём?	Мы несём.	Мы несём!	Мы несём 	2	3	1	4	=SUM(G477:J477)
876	477	Вы несёте 	Вы несёте.	Вы несёте?	Вы несёте!	4	3	2	1	=SUM(G478:J478)
637	478	Они несут.	Они несут 	Они несут?	Они несут!	3	4	2	1	=SUM(G479:J479)
98	479	Я пью!	Я пью.	Я пью?	Я пью 	1	3	2	4	=SUM(G480:J480)
356	480	Ты пьёшь?	Ты пьёшь!	Ты пьёшь 	Ты пьёшь.	2	1	4	3	=SUM(G481:J481)
99	481	Он пьёт!	Он пьёт?	Он пьёт.	Он пьёт 	1	2	3	4	=SUM(G482:J482)
357	482	Она пьёт?	Она пьёт.	Она пьёт 	Она пьёт!	2	3	4	1	=SUM(G483:J483)
638	483	Мы пьём.	Мы пьём 	Мы пьём!	Мы пьём?	3	4	1	2	=SUM(G484:J484)
877	484	Вы пьёте 	Вы пьёте?	Вы пьёте.	Вы пьёте!	4	2	3	1	=SUM(G485:J485)
358	485	Они пьют?	Они пьют.	Они пьют 	Они пьют!	2	3	4	1	=SUM(G486:J486)
639	486	Я ем.	Я ем 	Я ем!	Я ем?	3	4	1	2	=SUM(G487:J487)
878	487	Ты ешь 	Ты ешь?	Ты ешь.	Ты ешь!	4	2	3	1	=SUM(G488:J488)
640	488	Он ест.	Он ест 	Он ест!	Он ест?	3	4	1	2	=SUM(G489:J489)
100	489	Она ест!	Она ест.	Она ест?	Она ест 	1	3	2	4	=SUM(G490:J490)
359	490	Мы едим?	Мы едим!	Мы едим 	Мы едим.	2	1	4	3	=SUM(G491:J491)
879	491	Вы едите 	Вы едите!	Вы едите.	Вы едите?	4	1	3	2	=SUM(G492:J492)
360	492	Они едят?	Они едят.	Они едят!	Они едят 	2	3	1	4	=SUM(G493:J493)
880	493	Я сплю 	Я сплю.	Я сплю?	Я сплю!	4	3	2	1	=SUM(G494:J494)
641	494	Ты спишь.	Ты спишь 	Ты спишь?	Ты спишь!	3	4	2	1	=SUM(G495:J495)
101	495	Он спит!	Он спит.	Он спит?	Он спит 	1	3	2	4	=SUM(G496:J496)
361	496	Она спит?	Она спит!	Она спит 	Она спит.	2	1	4	3	=SUM(G497:J497)
642	497	Мы спим.	Мы спим 	Мы спим!	Мы спим?	3	4	1	2	=SUM(G498:J498)
102	498	Вы спите!	Вы спите.	Вы спите?	Вы спите 	1	3	2	4	=SUM(G499:J499)
362	499	Они спят?	Они спят!	Они спят 	Они спят.	2	1	4	3	=SUM(G500:J500)
881	500	Я сижу 	Я сижу!	Я сижу.	Я сижу?	4	1	3	2	=SUM(G501:J501)
363	501	Ты сидишь?	Ты сидишь.	Ты сидишь!	Ты сидишь 	2	3	1	4	=SUM(G502:J502)
882	502	Он сидит 	Он сидит.	Он сидит?	Он сидит!	4	3	2	1	=SUM(G503:J503)
643	503	Она сидит.	Она сидит 	Она сидит?	Она сидит!	3	4	2	1	=SUM(G504:J504)
103	504	Мы сидим!	Мы сидим.	Мы сидим?	Мы сидим 	1	3	2	4	=SUM(G505:J505)
364	505	Вы сидите?	Вы сидите!	Вы сидите 	Вы сидите.	2	1	4	3	=SUM(G506:J506)
104	506	Они сидят!	Они сидят?	Они сидят.	Они сидят 	1	2	3	4	=SUM(G507:J507)
365	507	Я стою?	Я стою.	Я стою 	Я стою!	2	3	4	1	=SUM(G508:J508)
644	508	Ты стоишь.	Ты стоишь 	Ты стоишь!	Ты стоишь?	3	4	1	2	=SUM(G509:J509)
883	509	Он стоит 	Он стоит?	Он стоит.	Он стоит!	4	2	3	1	=SUM(G510:J510)
645	510	Она стоит.	Она стоит 	Она стоит!	Она стоит?	3	4	1	2	=SUM(G511:J511)
105	511	Мы стоим!	Мы стоим.	Мы стоим?	Мы стоим 	1	3	2	4	=SUM(G512:J512)
366	512	Вы стоите?	Вы стоите!	Вы стоите 	Вы стоите.	2	1	4	3	=SUM(G513:J513)
884	513	Они стоят 	Они стоят!	Они стоят.	Они стоят?	4	1	3	2	=SUM(G514:J514)
367	514	Я иду?	Я иду.	Я иду!	Я иду 	2	3	1	4	=SUM(G515:J515)
885	515	Ты идёшь 	Ты идёшь.	Ты идёшь?	Ты идёшь!	4	3	2	1	=SUM(G516:J516)
646	516	Он идёт.	Он идёт 	Он идёт?	Он идёт!	3	4	2	1	=SUM(G517:J517)
368	517	Она идёт?	Она идёт.	Она идёт 	Она идёт!	2	3	4	1	=SUM(G518:J518)
647	518	Мы идём.	Мы идём 	Мы идём!	Мы идём?	3	4	1	2	=SUM(G519:J519)
886	519	Вы идёте 	Вы идёте?	Вы идёте.	Вы идёте!	4	2	3	1	=SUM(G520:J520)
648	520	Они идут.	Они идут 	Они идут!	Они идут?	3	4	1	2	=SUM(G521:J521)
106	521	Я бегу!	Я бегу.	Я бегу?	Я бегу 	1	3	2	4	=SUM(G522:J522)
369	522	Ты бежишь?	Ты бежишь!	Ты бежишь 	Ты бежишь.	2	1	4	3	=SUM(G523:J523)
887	523	Он бежит 	Он бежит!	Он бежит.	Он бежит?	4	1	3	2	=SUM(G524:J524)
370	524	Она бежит?	Она бежит.	Она бежит!	Она бежит 	2	3	1	4	=SUM(G525:J525)
888	525	Мы бежим 	Мы бежим.	Мы бежим?	Мы бежим!	4	3	2	1	=SUM(G526:J526)
107	526	Вы бежите!	Вы бежите.	Вы бежите?	Вы бежите 	1	3	2	4	=SUM(G527:J527)
371	527	Они бегут?	Они бегут!	Они бегут 	Они бегут.	2	1	4	3	=SUM(G528:J528)
889	528	Я плыву 	Я плыву!	Я плыву.	Я плыву?	4	1	3	2	=SUM(G529:J529)
372	529	Ты плывёшь?	Ты плывёшь.	Ты плывёшь!	Ты плывёшь 	2	3	1	4	=SUM(G530:J530)
890	530	Он плывёт 	Он плывёт.	Он плывёт?	Он плывёт!	4	3	2	1	=SUM(G531:J531)
649	531	Она плывёт.	Она плывёт 	Она плывёт?	Она плывёт!	3	4	2	1	=SUM(G532:J532)
108	532	Мы плывём!	Мы плывём.	Мы плывём?	Мы плывём 	1	3	2	4	=SUM(G533:J533)
373	533	Вы плывёте?	Вы плывёте!	Вы плывёте 	Вы плывёте.	2	1	4	3	=SUM(G534:J534)
650	534	Они плывут.	Они плывут 	Они плывут!	Они плывут?	3	4	1	2	=SUM(G535:J535)
109	535	Я лечу!	Я лечу.	Я лечу?	Я лечу 	1	3	2	4	=SUM(G536:J536)
374	536	Ты летишь?	Ты летишь!	Ты летишь 	Ты летишь.	2	1	4	3	=SUM(G537:J537)
891	537	Он летит 	Он летит!	Он летит.	Он летит?	4	1	3	2	=SUM(G538:J538)
375	538	Она летит?	Она летит.	Она летит!	Она летит 	2	3	1	4	=SUM(G539:J539)
892	539	Мы летим 	Мы летим.	Мы летим?	Мы летим!	4	3	2	1	=SUM(G540:J540)
651	540	Вы летите.	Вы летите 	Вы летите?	Вы летите!	3	4	2	1	=SUM(G541:J541)
110	541	Они летят!	Они летят.	Они летят?	Они летят 	1	3	2	4	=SUM(G542:J542)
376	542	Я пишу?	Я пишу!	Я пишу 	Я пишу.	2	1	4	3	=SUM(G543:J543)
111	543	Ты пишешь!	Ты пишешь?	Ты пишешь.	Ты пишешь 	1	2	3	4	=SUM(G544:J544)
377	544	Он пишет?	Он пишет.	Он пишет 	Он пишет!	2	3	4	1	=SUM(G545:J545)
652	545	Она пишет.	Она пишет 	Она пишет!	Она пишет?	3	4	1	2	=SUM(G546:J546)
893	546	Мы пишем 	Мы пишем?	Мы пишем.	Мы пишем!	4	2	3	1	=SUM(G547:J547)
378	547	Вы пишете?	Вы пишете.	Вы пишете 	Вы пишете!	2	3	4	1	=SUM(G548:J548)
653	548	Они пишут.	Они пишут 	Они пишут!	Они пишут?	3	4	1	2	=SUM(G549:J549)
894	549	Я читаю 	Я читаю?	Я читаю.	Я читаю!	4	2	3	1	=SUM(G550:J550)
654	550	Ты читаешь.	Ты читаешь 	Ты читаешь!	Ты читаешь?	3	4	1	2	=SUM(G551:J551)
112	551	Он читает!	Он читает.	Он читает?	Он читает 	1	3	2	4	=SUM(G552:J552)
379	552	Она читает?	Она читает!	Она читает 	Она читает.	2	1	4	3	=SUM(G553:J553)
895	553	Мы читаем 	Мы читаем!	Мы читаем.	Мы читаем?	4	1	3	2	=SUM(G554:J554)
380	554	Вы читаете?	Вы читаете.	Вы читаете!	Вы читаете 	2	3	1	4	=SUM(G555:J555)
896	555	Они читают 	Они читают.	Они читают?	Они читают!	4	3	2	1	=SUM(G556:J556)
655	556	Я говорю.	Я говорю 	Я говорю?	Я говорю!	3	4	2	1	=SUM(G557:J557)
113	557	Ты говоришь!	Ты говоришь.	Ты говоришь?	Ты говоришь 	1	3	2	4	=SUM(G558:J558)
381	558	Он говорит?	Он говорит!	Он говорит 	Он говорит.	2	1	4	3	=SUM(G559:J559)
656	559	Она говорит.	Она говорит 	Она говорит!	Она говорит?	3	4	1	2	=SUM(G560:J560)
114	560	Мы говорим!	Мы говорим.	Мы говорим?	Мы говорим 	1	3	2	4	=SUM(G561:J561)
382	561	Вы говорите?	Вы говорите!	Вы говорите 	Вы говорите.	2	1	4	3	=SUM(G562:J562)
897	562	Они говорят 	Они говорят!	Они говорят.	Они говорят?	4	1	3	2	=SUM(G563:J563)
383	563	Я слушаю?	Я слушаю.	Я слушаю!	Я слушаю 	2	3	1	4	=SUM(G564:J564)
898	564	Ты слушаешь 	Ты слушаешь.	Ты слушаешь?	Ты слушаешь!	4	3	2	1	=SUM(G565:J565)
657	565	Он слушает.	Он слушает 	Он слушает?	Он слушает!	3	4	2	1	=SUM(G566:J566)
115	566	Она слушает!	Она слушает.	Она слушает?	Она слушает 	1	3	2	4	=SUM(G567:J567)
384	567	Мы слушаем?	Мы слушаем!	Мы слушаем 	Мы слушаем.	2	1	4	3	=SUM(G568:J568)
116	568	Вы слушаете!	Вы слушаете?	Вы слушаете.	Вы слушаете 	1	2	3	4	=SUM(G569:J569)
385	569	Они слушают?	Они слушают.	Они слушают 	Они слушают!	2	3	4	1	=SUM(G570:J570)
658	570	Я вижу.	Я вижу 	Я вижу!	Я вижу?	3	4	1	2	=SUM(G571:J571)
899	571	Ты видишь 	Ты видишь?	Ты видишь.	Ты видишь!	4	2	3	1	=SUM(G572:J572)
659	572	Он видит.	Он видит 	Он видит!	Он видит?	3	4	1	2	=SUM(G573:J573)
117	573	Она видит!	Она видит.	Она видит?	Она видит 	1	3	2	4	=SUM(G574:J574)
386	574	Мы видим?	Мы видим!	Мы видим 	Мы видим.	2	1	4	3	=SUM(G575:J575)
900	575	Вы видите 	Вы видите!	Вы видите.	Вы видите?	4	1	3	2	=SUM(G576:J576)
387	576	Они видят?	Они видят.	Они видят!	Они видят 	2	3	1	4	=SUM(G577:J577)
901	577	Я знаю 	Я знаю.	Я знаю?	Я знаю!	4	3	2	1	=SUM(G578:J578)
660	578	Ты знаешь.	Ты знаешь 	Ты знаешь?	Ты знаешь!	3	4	2	1	=SUM(G579:J579)
388	579	Он знает?	Он знает.	Он знает 	Он знает!	2	3	4	1	=SUM(G580:J580)
661	580	Она знает.	Она знает 	Она знает!	Она знает?	3	4	1	2	=SUM(G581:J581)
902	581	Мы знаем 	Мы знаем?	Мы знаем.	Мы знаем!	4	2	3	1	=SUM(G582:J582)
662	582	Вы знаете.	Вы знаете 	Вы знаете!	Вы знаете?	3	4	1	2	=SUM(G583:J583)
118	583	Они знают!	Они знают.	Они знают?	Они знают 	1	3	2	4	=SUM(G584:J584)
389	584	Я понимаю?	Я понимаю!	Я понимаю 	Я понимаю.	2	1	4	3	=SUM(G585:J585)
903	585	Ты понимаешь 	Ты понимаешь!	Ты понимаешь.	Ты понимаешь?	4	1	3	2	=SUM(G586:J586)
390	586	Он понимает?	Он понимает.	Он понимает!	Он понимает 	2	3	1	4	=SUM(G587:J587)
904	587	Она понимает 	Она понимает.	Она понимает?	Она понимает!	4	3	2	1	=SUM(G588:J588)
663	588	Мы понимаем.	Мы понимаем 	Мы понимаем?	Мы понимаем!	3	4	2	1	=SUM(G589:J589)
119	589	Вы понимаете!	Вы понимаете.	Вы понимаете?	Вы понимаете 	1	3	2	4	=SUM(G590:J590)
391	590	Они понимают?	Они понимают!	Они понимают 	Они понимают.	2	1	4	3	=SUM(G591:J591)
120	591	Я думаю!	Я думаю?	Я думаю.	Я думаю 	1	2	3	4	=SUM(G592:J592)
392	592	Ты думаешь?	Ты думаешь.	Ты думаешь 	Ты думаешь!	2	3	4	1	=SUM(G593:J593)
664	593	Он думает.	Он думает 	Он думает!	Он думает?	3	4	1	2	=SUM(G594:J594)
905	594	Она думает 	Она думает?	Она думает.	Она думает!	4	2	3	1	=SUM(G595:J595)
665	595	Мы думаем.	Мы думаем 	Мы думаем!	Мы думаем?	3	4	1	2	=SUM(G596:J596)
121	596	Вы думаете!	Вы думаете.	Вы думаете?	Вы думаете 	1	3	2	4	=SUM(G597:J597)
393	597	Они думают?	Они думают!	Они думают 	Они думают.	2	1	4	3	=SUM(G598:J598)
906	598	Я помню 	Я помню!	Я помню.	Я помню?	4	1	3	2	=SUM(G599:J599)
394	599	Ты помнишь?	Ты помнишь.	Ты помнишь!	Ты помнишь 	2	3	1	4	=SUM(G600:J600)
907	600	Он помнит 	Он помнит.	Он помнит?	Он помнит!	4	3	2	1	=SUM(G601:J601)
666	601	Она помнит.	Она помнит 	Она помнит?	Она помнит!	3	4	2	1	=SUM(G602:J602)
122	602	Мы помним!	Мы помним.	Мы помним?	Мы помним 	1	3	2	4	=SUM(G603:J603)
395	603	Вы помните?	Вы помните!	Вы помните 	Вы помните.	2	1	4	3	=SUM(G604:J604)
667	604	Они помнят.	Они помнят 	Они помнят!	Они помнят?	3	4	1	2	=SUM(G605:J605)
123	605	Я хочу!	Я хочу.	Я хочу?	Я хочу 	1	3	2	4	=SUM(G606:J606)
396	606	Ты хочешь?	Ты хочешь!	Ты хочешь 	Ты хочешь.	2	1	4	3	=SUM(G607:J607)
908	607	Он хочет 	Он хочет!	Он хочет.	Он хочет?	4	1	3	2	=SUM(G608:J608)
397	608	Она хочет?	Она хочет.	Она хочет!	Она хочет 	2	3	1	4	=SUM(G609:J609)
909	609	Мы хотим 	Мы хотим?	Мы хотим.	Мы хотим!	4	2	3	1	=SUM(G610:J610)
668	610	Вы хотите.	Вы хотите 	Вы хотите!	Вы хотите?	3	4	1	2	=SUM(G611:J611)
124	611	Они хотят!	Они хотят.	Они хотят?	Они хотят 	1	3	2	4	=SUM(G612:J612)
398	612	Я могу?	Я могу!	Я могу 	Я могу.	2	1	4	3	=SUM(G613:J613)
910	613	Ты можешь 	Ты можешь!	Ты можешь.	Ты можешь?	4	1	3	2	=SUM(G614:J614)
399	614	Он может?	Он может.	Он может!	Он может 	2	3	1	4	=SUM(G615:J615)
911	615	Она может 	Она может.	Она может?	Она может!	4	3	2	1	=SUM(G616:J616)
669	616	Мы можем.	Мы можем 	Мы можем?	Мы можем!	3	4	2	1	=SUM(G617:J617)
125	617	Вы можете!	Вы можете.	Вы можете?	Вы можете 	1	3	2	4	=SUM(G618:J618)
400	618	Они могут?	Они могут!	Они могут 	Они могут.	2	1	4	3	=SUM(G619:J619)
126	619	Я должен!	Я должен?	Я должен.	Я должен 	1	2	3	4	=SUM(G620:J620)
401	620	Ты должен?	Ты должен.	Ты должен 	Ты должен!	2	3	4	1	=SUM(G621:J621)
670	621	Он должен.	Он должен 	Он должен!	Он должен?	3	4	1	2	=SUM(G622:J622)
912	622	Она должна 	Она должна?	Она должна.	Она должна!	4	2	3	1	=SUM(G623:J623)
671	623	Мы должны.	Мы должны 	Мы должны!	Мы должны?	3	4	1	2	=SUM(G624:J624)
127	624	Вы должны!	Вы должны.	Вы должны?	Вы должны 	1	3	2	4	=SUM(G625:J625)
402	625	Они должны?	Они должны!	Они должны 	Они должны.	2	1	4	3	=SUM(G626:J626)
913	626	Я люблю 	Я люблю!	Я люблю.	Я люблю?	4	1	3	2	=SUM(G627:J627)
403	627	Ты любишь?	Ты любишь.	Ты любишь!	Ты любишь 	2	3	1	4	=SUM(G628:J628)
914	628	Он любит 	Он любит.	Он любит?	Он любит!	4	3	2	1	=SUM(G629:J629)
672	629	Она любит.	Она любит 	Она любит?	Она любит!	3	4	2	1	=SUM(G630:J630)
128	630	Мы любим!	Мы любим.	Мы любим?	Мы любим 	1	3	2	4	=SUM(G631:J631)
404	631	Вы любите?	Вы любите!	Вы любите 	Вы любите.	2	1	4	3	=SUM(G632:J632)
673	632	Они любят.	Они любят 	Они любят!	Они любят?	3	4	1	2	=SUM(G633:J633)
129	633	Я жду!	Я жду.	Я жду?	Я жду 	1	3	2	4	=SUM(G634:J634)
405	634	Ты ждёшь?	Ты ждёшь!	Ты ждёшь 	Ты ждёшь.	2	1	4	3	=SUM(G635:J635)
915	635	Он ждёт 	Он ждёт!	Он ждёт.	Он ждёт?	4	1	3	2	=SUM(G636:J636)
406	636	Она ждёт?	Она ждёт.	Она ждёт!	Она ждёт 	2	3	1	4	=SUM(G637:J637)
916	637	Мы ждём 	Мы ждём.	Мы ждём?	Мы ждём!	4	3	2	1	=SUM(G638:J638)
674	638	Вы ждёте.	Вы ждёте 	Вы ждёте?	Вы ждёте!	3	4	2	1	=SUM(G639:J639)
130	639	Они ждут!	Они ждут.	Они ждут?	Они ждут 	1	3	2	4	=SUM(G640:J640)
407	640	Я даю?	Я даю!	Я даю 	Я даю.	2	1	4	3	=SUM(G641:J641)
131	641	Ты даёшь!	Ты даёшь?	Ты даёшь.	Ты даёшь 	1	2	3	4	=SUM(G642:J642)
408	642	Он даёт?	Он даёт.	Он даёт 	Он даёт!	2	3	4	1	=SUM(G643:J643)
675	643	Она даёт.	Она даёт 	Она даёт!	Она даёт?	3	4	1	2	=SUM(G644:J644)
917	644	Мы даём 	Мы даём?	Мы даём.	Мы даём!	4	2	3	1	=SUM(G645:J645)
676	645	Вы даёте.	Вы даёте 	Вы даёте!	Вы даёте?	3	4	1	2	=SUM(G646:J646)
132	646	Они дают!	Они дают.	Они дают?	Они дают 	1	3	2	4	=SUM(G647:J647)
409	647	Я беру?	Я беру!	Я беру 	Я беру.	2	1	4	3	=SUM(G648:J648)
918	648	Ты берёшь 	Ты берёшь!	Ты берёшь.	Ты берёшь?	4	1	3	2	=SUM(G649:J649)
410	649	Он берёт?	Он берёт.	Он берёт!	Он берёт 	2	3	1	4	=SUM(G650:J650)
919	650	Она берёт 	Она берёт.	Она берёт?	Она берёт!	4	3	2	1	=SUM(G651:J651)
677	651	Мы берём.	Мы берём 	Мы берём?	Мы берём!	3	4	2	1	=SUM(G652:J652)
411	652	Вы берёте?	Вы берёте.	Вы берёте 	Вы берёте!	2	3	4	1	=SUM(G653:J653)
678	653	Они берут.	Они берут 	Они берут!	Они берут?	3	4	1	2	=SUM(G654:J654)
920	654	Я кладу 	Я кладу?	Я кладу.	Я кладу!	4	2	3	1	=SUM(G655:J655)
679	655	Ты кладёшь.	Ты кладёшь 	Ты кладёшь!	Ты кладёшь?	3	4	1	2	=SUM(G656:J656)
133	656	Он кладёт!	Он кладёт.	Он кладёт?	Он кладёт 	1	3	2	4	=SUM(G657:J657)
412	657	Она кладёт?	Она кладёт!	Она кладёт 	Она кладёт.	2	1	4	3	=SUM(G658:J658)
921	658	Мы кладём 	Мы кладём!	Мы кладём.	Мы кладём?	4	1	3	2	=SUM(G659:J659)
413	659	Вы кладёте?	Вы кладёте.	Вы кладёте!	Вы кладёте 	2	3	1	4	=SUM(G660:J660)
922	660	Они кладут 	Они кладут.	Они кладут?	Они кладут!	4	3	2	1	=SUM(G661:J661)
680	661	Я держу.	Я держу 	Я держу?	Я держу!	3	4	2	1	=SUM(G662:J662)
134	662	Ты держишь!	Ты держишь.	Ты держишь?	Ты держишь 	1	3	2	4	=SUM(G663:J663)
414	663	Он держит?	Он держит!	Он держит 	Он держит.	2	1	4	3	=SUM(G664:J664)
135	664	Она держит!	Она держит?	Она держит.	Она держит 	1	2	3	4	=SUM(G665:J665)
415	665	Мы держим?	Мы держим.	Мы держим 	Мы держим!	2	3	4	1	=SUM(G666:J666)
681	666	Вы держите.	Вы держите 	Вы держите!	Вы держите?	3	4	1	2	=SUM(G667:J667)
923	667	Они держат 	Они держат?	Они держат.	Они держат!	4	2	3	1	=SUM(G668:J668)
682	668	Я мою.	Я мою 	Я мою!	Я мою?	3	4	1	2	=SUM(G669:J669)
136	669	Ты моешь!	Ты моешь.	Ты моешь?	Ты моешь 	1	3	2	4	=SUM(G670:J670)
416	670	Он моет?	Он моет!	Он моет 	Он моет.	2	1	4	3	=SUM(G671:J671)
924	671	Она моет 	Она моет!	Она моет.	Она моет?	4	1	3	2	=SUM(G672:J672)
417	672	Мы моем?	Мы моем.	Мы моем!	Мы моем 	2	3	1	4	=SUM(G673:J673)
925	673	Вы моете 	Вы моете.	Вы моете?	Вы моете!	4	3	2	1	=SUM(G674:J674)
683	674	Они моют.	Они моют 	Они моют?	Они моют!	3	4	2	1	=SUM(G675:J675)
137	675	Я чищу!	Я чищу.	Я чищу?	Я чищу 	1	3	2	4	=SUM(G676:J676)
418	676	Ты чистишь?	Ты чистишь!	Ты чистишь 	Ты чистишь.	2	1	4	3	=SUM(G677:J677)
684	677	Он чистит.	Он чистит 	Он чистит!	Он чистит?	3	4	1	2	=SUM(G678:J678)
138	678	Она чистит!	Она чистит.	Она чистит?	Она чистит 	1	3	2	4	=SUM(G679:J679)
419	679	Мы чистим?	Мы чистим!	Мы чистим 	Мы чистим.	2	1	4	3	=SUM(G680:J680)
926	680	Вы чистите 	Вы чистите!	Вы чистите.	Вы чистите?	4	1	3	2	=SUM(G681:J681)
420	681	Они чистят?	Они чистят.	Они чистят!	Они чистят 	2	3	1	4	=SUM(G682:J682)
927	682	Я сушу 	Я сушу.	Я сушу?	Я сушу!	4	3	2	1	=SUM(G683:J683)
685	683	Ты сушишь.	Ты сушишь 	Ты сушишь?	Ты сушишь!	3	4	2	1	=SUM(G684:J684)
139	684	Он сушит!	Он сушит.	Он сушит?	Он сушит 	1	3	2	4	=SUM(G685:J685)
421	685	Она сушит?	Она сушит!	Она сушит 	Она сушит.	2	1	4	3	=SUM(G686:J686)
140	686	Мы сушим!	Мы сушим?	Мы сушим.	Мы сушим 	1	2	3	4	=SUM(G687:J687)
422	687	Вы сушите?	Вы сушите.	Вы сушите 	Вы сушите!	2	3	4	1	=SUM(G688:J688)
686	688	Они сушат.	Они сушат 	Они сушат!	Они сушат?	3	4	1	2	=SUM(G689:J689)
928	689	Я глажу 	Я глажу?	Я глажу.	Я глажу!	4	2	3	1	=SUM(G690:J690)
423	690	Ты гладишь?	Ты гладишь.	Ты гладишь 	Ты гладишь!	2	3	4	1	=SUM(G691:J691)
687	691	Он гладит.	Он гладит 	Он гладит!	Он гладит?	3	4	1	2	=SUM(G692:J692)
929	692	Она гладит 	Она гладит?	Она гладит.	Она гладит!	4	2	3	1	=SUM(G693:J693)
688	693	Мы гладим.	Мы гладим 	Мы гладим!	Мы гладим?	3	4	1	2	=SUM(G694:J694)
141	694	Вы гладите!	Вы гладите.	Вы гладите?	Вы гладите 	1	3	2	4	=SUM(G695:J695)
424	695	Они гладят?	Они гладят!	Они гладят 	Они гладят.	2	1	4	3	=SUM(G696:J696)
930	696	Я шью 	Я шью!	Я шью.	Я шью?	4	1	3	2	=SUM(G697:J697)
425	697	Ты шьёшь?	Ты шьёшь.	Ты шьёшь!	Ты шьёшь 	2	3	1	4	=SUM(G698:J698)
931	698	Он шьёт 	Он шьёт.	Он шьёт?	Он шьёт!	4	3	2	1	=SUM(G699:J699)
689	699	Она шьёт.	Она шьёт 	Она шьёт?	Она шьёт!	3	4	2	1	=SUM(G700:J700)
142	700	Мы шьём!	Мы шьём.	Мы шьём?	Мы шьём 	1	3	2	4	=SUM(G701:J701)
426	701	Вы шьёте?	Вы шьёте!	Вы шьёте 	Вы шьёте.	2	1	4	3	=SUM(G702:J702)
690	702	Они шьют.	Они шьют 	Они шьют!	Они шьют?	3	4	1	2	=SUM(G703:J703)
143	703	Я вяжу!	Я вяжу.	Я вяжу?	Я вяжу 	1	3	2	4	=SUM(G704:J704)
427	704	Ты вяжешь?	Ты вяжешь!	Ты вяжешь 	Ты вяжешь.	2	1	4	3	=SUM(G705:J705)
932	705	Он вяжет 	Он вяжет!	Он вяжет.	Он вяжет?	4	1	3	2	=SUM(G706:J706)
428	706	Она вяжет?	Она вяжет.	Она вяжет!	Она вяжет 	2	3	1	4	=SUM(G707:J707)
933	707	Мы вяжем 	Мы вяжем.	Мы вяжем?	Мы вяжем!	4	3	2	1	=SUM(G708:J708)
691	708	Вы вяжете.	Вы вяжете 	Вы вяжете?	Вы вяжете!	3	4	2	1	=SUM(G709:J709)
144	709	Они вяжут!	Они вяжут.	Они вяжут?	Они вяжут 	1	3	2	4	=SUM(G710:J710)
429	710	Я режу?	Я режу!	Я режу 	Я режу.	2	1	4	3	=SUM(G711:J711)
145	711	Ты режешь!	Ты режешь?	Ты режешь.	Ты режешь 	1	2	3	4	=SUM(G712:J712)
430	712	Он режет?	Он режет.	Он режет 	Он режет!	2	3	4	1	=SUM(G713:J713)
692	713	Она режет.	Она режет 	Она режет!	Она режет?	3	4	1	2	=SUM(G714:J714)
934	714	Мы режем 	Мы режем?	Мы режем.	Мы режем!	4	2	3	1	=SUM(G715:J715)
693	715	Вы режете.	Вы режете 	Вы режете!	Вы режете?	3	4	1	2	=SUM(G716:J716)
146	716	Они режут!	Они режут.	Они режут?	Они режут 	1	3	2	4	=SUM(G717:J717)
431	717	Я колю?	Я колю!	Я колю 	Я колю.	2	1	4	3	=SUM(G718:J718)
935	718	Ты колешь 	Ты колешь!	Ты колешь.	Ты колешь?	4	1	3	2	=SUM(G719:J719)
432	719	Он колет?	Он колет.	Он колет!	Он колет 	2	3	1	4	=SUM(G720:J720)
936	720	Она колет 	Она колет.	Она колет?	Она колет!	4	3	2	1	=SUM(G721:J721)
694	721	Мы колем.	Мы колем 	Мы колем?	Мы колем!	3	4	2	1	=SUM(G722:J722)
433	722	Вы колете?	Вы колете.	Вы колете 	Вы колете!	2	3	4	1	=SUM(G723:J723)
695	723	Они колют.	Они колют 	Они колют!	Они колют?	3	4	1	2	=SUM(G724:J724)
937	724	Я рублю 	Я рублю?	Я рублю.	Я рублю!	4	2	3	1	=SUM(G725:J725)
696	725	Ты рубишь.	Ты рубишь 	Ты рубишь!	Ты рубишь?	3	4	1	2	=SUM(G726:J726)
147	726	Он рубит!	Он рубит.	Он рубит?	Он рубит 	1	3	2	4	=SUM(G727:J727)
434	727	Она рубит?	Она рубит!	Она рубит 	Она рубит.	2	1	4	3	=SUM(G728:J728)
938	728	Мы рубим 	Мы рубим!	Мы рубим.	Мы рубим?	4	1	3	2	=SUM(G729:J729)
435	729	Вы рубите?	Вы рубите.	Вы рубите!	Вы рубите 	2	3	1	4	=SUM(G730:J730)
939	730	Они рубят 	Они рубят.	Они рубят?	Они рубят!	4	3	2	1	=SUM(G731:J731)
697	731	Я пилю.	Я пилю 	Я пилю?	Я пилю!	3	4	2	1	=SUM(G732:J732)
148	732	Ты пилишь!	Ты пилишь.	Ты пилишь?	Ты пилишь 	1	3	2	4	=SUM(G733:J733)
436	733	Он пилит?	Он пилит!	Он пилит 	Он пилит.	2	1	4	3	=SUM(G734:J734)
149	734	Она пилит!	Она пилит?	Она пилит.	Она пилит 	1	2	3	4	=SUM(G735:J735)
437	735	Мы пилим?	Мы пилим.	Мы пилим 	Мы пилим!	2	3	4	1	=SUM(G736:J736)
698	736	Вы пилите.	Вы пилите 	Вы пилите!	Вы пилите?	3	4	1	2	=SUM(G737:J737)
438	737	Они пилят?	Они пилят 	Они пилят?	Они пилят?	2	4	2	2	=SUM(G738:J738)
150	738	Я копаю!	Я копаю.	Я копаю?	Я копаю 	1	3	2	4	=SUM(G739:J739)
439	739	Ты копаешь?	Ты копаешь!	Ты копаешь 	Ты копаешь.	2	1	4	3	=SUM(G740:J740)
940	740	Он копает 	Он копает!	Он копает.	Он копает?	4	1	3	2	=SUM(G741:J741)
440	741	Она копает?	Она копает.	Она копает!	Она копает 	2	3	1	4	=SUM(G742:J742)
941	742	Мы копаем 	Мы копаем.	Мы копаем?	Мы копаем!	4	3	2	1	=SUM(G743:J743)
699	743	Вы копаете.	Вы копаете 	Вы копаете?	Вы копаете!	3	4	2	1	=SUM(G744:J744)
151	744	Они копают!	Они копают.	Они копают?	Они копают 	1	3	2	4	=SUM(G745:J745)
441	745	Я сажаю?	Я сажаю!	Я сажаю 	Я сажаю.	2	1	4	3	=SUM(G746:J746)
700	746	Ты сажаешь.	Ты сажаешь 	Ты сажаешь!	Ты сажаешь?	3	4	1	2	=SUM(G747:J747)
152	747	Он сажает!	Он сажает.	Он сажает?	Он сажает 	1	3	2	4	=SUM(G748:J748)
442	748	Она сажает?	Она сажает!	Она сажает 	Она сажает.	2	1	4	3	=SUM(G749:J749)
942	749	Мы сажаем 	Мы сажаем!	Мы сажаем.	Мы сажаем?	4	1	3	2	=SUM(G750:J750)
443	750	Вы сажаете?	Вы сажаете.	Вы сажаете!	Вы сажаете 	2	3	1	4	=SUM(G751:J751)
943	751	Они сажают 	Они сажают.	Они сажают?	Они сажают!	4	3	2	1	=SUM(G752:J752)
701	752	Я поливаю.	Я поливаю 	Я поливаю?	Я поливаю!	3	4	2	1	=SUM(G753:J753)
153	753	Ты поливаешь!	Ты поливаешь.	Ты поливаешь?	Ты поливаешь 	1	3	2	4	=SUM(G754:J754)
444	754	Он поливает?	Он поливает!	Он поливает 	Он поливает.	2	1	4	3	=SUM(G755:J755)
154	755	Она поливает!	Она поливает?	Она поливает.	Она поливает 	1	2	3	4	=SUM(G756:J756)
445	756	Мы поливаем?	Мы поливаем.	Мы поливаем 	Мы поливаем!	2	3	4	1	=SUM(G757:J757)
702	757	Вы поливаете.	Вы поливаете 	Вы поливаете!	Вы поливаете?	3	4	1	2	=SUM(G758:J758)
944	758	Они поливают 	Они поливают?	Они поливают.	Они поливают!	4	2	3	1	=SUM(G759:J759)
703	759	Я собираю.	Я собираю 	Я собираю!	Я собираю?	3	4	1	2	=SUM(G760:J760)
155	760	Ты собираешь!	Ты собираешь.	Ты собираешь?	Ты собираешь 	1	3	2	4	=SUM(G761:J761)
446	761	Он собирает?	Он собирает!	Он собирает 	Он собирает.	2	1	4	3	=SUM(G762:J762)
945	762	Она собирает 	Она собирает!	Она собирает.	Она собирает?	4	1	3	2	=SUM(G763:J763)
447	763	Мы собираем?	Мы собираем.	Мы собираем!	Мы собираем 	2	3	1	4	=SUM(G764:J764)
946	764	Вы собираете 	Вы собираете.	Вы собираете?	Вы собираете!	4	3	2	1	=SUM(G765:J765)
704	765	Они собирают.	Они собирают 	Они собирают?	Они собирают!	3	4	2	1	=SUM(G766:J766)
448	766	Я продаю?	Я продаю.	Я продаю 	Я продаю!	2	3	4	1	=SUM(G767:J767)
705	767	Ты продаёшь.	Ты продаёшь 	Ты продаёшь!	Ты продаёшь?	3	4	1	2	=SUM(G768:J768)
947	768	Он продаёт 	Он продаёт?	Он продаёт.	Он продаёт!	4	2	3	1	=SUM(G769:J769)
706	769	Она продаёт.	Она продаёт 	Она продаёт!	Она продаёт?	3	4	1	2	=SUM(G770:J770)
156	770	Мы продаём!	Мы продаём.	Мы продаём?	Мы продаём 	1	3	2	4	=SUM(G771:J771)
449	771	Вы продаёте?	Вы продаёте!	Вы продаёте 	Вы продаёте.	2	1	4	3	=SUM(G772:J772)
948	772	Они продают 	Они продают!	Они продают.	Они продают?	4	1	3	2	=SUM(G773:J773)
450	773	Я покупаю?	Я покупаю.	Я покупаю!	Я покупаю 	2	3	1	4	=SUM(G774:J774)
949	774	Ты покупаешь 	Ты покупаешь.	Ты покупаешь?	Ты покупаешь!	4	3	2	1	=SUM(G775:J775)
707	775	Он покупает.	Он покупает 	Он покупает?	Он покупает!	3	4	2	1	=SUM(G776:J776)
157	776	Она покупает!	Она покупает.	Она покупает?	Она покупает 	1	3	2	4	=SUM(G777:J777)
451	777	Мы покупаем?	Мы покупаем!	Мы покупаем 	Мы покупаем.	2	1	4	3	=SUM(G778:J778)
158	778	Вы покупаете!	Вы покупаете?	Вы покупаете.	Вы покупаете 	1	2	3	4	=SUM(G779:J779)
452	779	Они покупают?	Они покупают.	Они покупают 	Они покупают!	2	3	4	1	=SUM(G780:J780)
708	780	Я плачу.	Я плачу 	Я плачу!	Я плачу?	3	4	1	2	=SUM(G781:J781)
950	781	Ты платишь 	Ты платишь?	Ты платишь.	Ты платишь!	4	2	3	1	=SUM(G782:J782)
709	782	Он платит.	Он платит 	Он платит!	Он платит?	3	4	1	2	=SUM(G783:J783)
159	783	Она платит!	Она платит.	Она платит?	Она платит 	1	3	2	4	=SUM(G784:J784)
453	784	Мы платим?	Мы платим!	Мы платим 	Мы платим.	2	1	4	3	=SUM(G785:J785)
951	785	Вы платите 	Вы платите!	Вы платите.	Вы платите?	4	1	3	2	=SUM(G786:J786)
454	786	Они платят?	Они платят.	Они платят!	Они платят 	2	3	1	4	=SUM(G787:J787)
952	787	Я меняю 	Я меняю.	Я меняю?	Я меняю!	4	3	2	1	=SUM(G788:J788)
710	788	Ты меняешь.	Ты меняешь 	Ты меняешь?	Ты меняешь!	3	4	2	1	=SUM(G789:J789)
160	789	Он меняет!	Он меняет.	Он меняет?	Он меняет 	1	3	2	4	=SUM(G790:J790)
455	790	Она меняет?	Она меняет!	Она меняет 	Она меняет.	2	1	4	3	=SUM(G791:J791)
711	791	Мы меняем.	Мы меняем 	Мы меняем!	Мы меняем?	3	4	1	2	=SUM(G792:J792)
161	792	Вы меняете!	Вы меняете.	Вы меняете?	Вы меняете 	1	3	2	4	=SUM(G793:J793)
456	793	Они меняют?	Они меняют!	Они меняют 	Они меняют.	2	1	4	3	=SUM(G794:J794)
953	794	Я беру 	Я беру!	Я беру.	Я беру?	4	1	3	2	=SUM(G795:J795)
457	795	Ты берёшь?	Ты берёшь.	Ты берёшь!	Ты берёшь 	2	3	1	4	=SUM(G796:J796)
954	796	Он берёт 	Он берёт.	Он берёт?	Он берёт!	4	3	2	1	=SUM(G797:J797)
712	797	Она берёт.	Она берёт 	Она берёт?	Она берёт!	3	4	2	1	=SUM(G798:J798)
162	798	Мы берём!	Мы берём.	Мы берём?	Мы берём 	1	3	2	4	=SUM(G799:J799)
458	799	Вы берёте?	Вы берёте!	Вы берёте 	Вы берёте.	2	1	4	3	=SUM(G800:J800)
163	800	Они берут!	Они берут?	Они берут.	Они берут 	1	2	3	4	=SUM(G801:J801)
459	801	Я даю?	Я даю.	Я даю 	Я даю!	2	3	4	1	=SUM(G802:J802)
713	802	Ты даёшь.	Ты даёшь 	Ты даёшь!	Ты даёшь?	3	4	1	2	=SUM(G803:J803)
955	803	Он даёт 	Он даёт?	Он даёт.	Он даёт!	4	2	3	1	=SUM(G804:J804)
460	804	Она даёт?	Она даёт.	Она даёт 	Она даёт!	2	3	4	1	=SUM(G805:J805)
714	805	Мы даём.	Мы даём 	Мы даём!	Мы даём?	3	4	1	2	=SUM(G806:J806)
956	806	Вы даёте 	Вы даёте?	Вы даёте.	Вы даёте!	4	2	3	1	=SUM(G807:J807)
715	807	Они дают.	Они дают 	Они дают!	Они дают?	3	4	1	2	=SUM(G808:J808)
164	808	Я получаю!	Я получаю.	Я получаю?	Я получаю 	1	3	2	4	=SUM(G809:J809)
461	809	Ты получаешь?	Ты получаешь!	Ты получаешь 	Ты получаешь.	2	1	4	3	=SUM(G810:J810)
957	810	Он получает 	Он получает!	Он получает.	Он получает?	4	1	3	2	=SUM(G811:J811)
462	811	Она получает?	Она получает.	Она получает!	Она получает 	2	3	1	4	=SUM(G812:J812)
958	812	Мы получаем 	Мы получаем.	Мы получаем?	Мы получаем!	4	3	2	1	=SUM(G813:J813)
716	813	Вы получаете.	Вы получаете 	Вы получаете?	Вы получаете!	3	4	2	1	=SUM(G814:J814)
165	814	Они получают!	Они получают.	Они получают?	Они получают 	1	3	2	4	=SUM(G815:J815)
463	815	Я отправляю?	Я отправляю!	Я отправляю 	Я отправляю.	2	1	4	3	=SUM(G816:J816)
717	816	Ты отправляешь.	Ты отправляешь 	Ты отправляешь!	Ты отправляешь?	3	4	1	2	=SUM(G817:J817)
166	817	Он отправляет!	Он отправляет.	Он отправляет?	Он отправляет 	1	3	2	4	=SUM(G818:J818)
464	818	Она отправляет?	Она отправляет!	Она отправляет 	Она отправляет.	2	1	4	3	=SUM(G819:J819)
959	819	Мы отправляем 	Мы отправляем!	Мы отправляем.	Мы отправляем?	4	1	3	2	=SUM(G820:J820)
465	820	Вы отправляете?	Вы отправляете.	Вы отправляете!	Вы отправляете 	2	3	1	4	=SUM(G821:J821)
960	821	Они отправляют 	Они отправляют.	Они отправляют?	Они отправляют!	4	3	2	1	=SUM(G822:J822)
718	822	Я приношу.	Я приношу 	Я приношу?	Я приношу!	3	4	2	1	=SUM(G823:J823)
167	823	Ты приносишь!	Ты приносишь.	Ты приносишь?	Ты приносишь 	1	3	2	4	=SUM(G824:J824)
466	824	Он приносит?	Он приносит!	Он приносит 	Он приносит.	2	1	4	3	=SUM(G825:J825)
168	825	Она приносит!	Она приносит?	Она приносит.	Она приносит 	1	2	3	4	=SUM(G826:J826)
467	826	Мы приносим?	Мы приносим.	Мы приносим 	Мы приносим!	2	3	4	1	=SUM(G827:J827)
719	827	Вы приносите.	Вы приносите 	Вы приносите!	Вы приносите?	3	4	1	2	=SUM(G828:J828)
961	828	Они приносят 	Они приносят?	Они приносят.	Они приносят!	4	2	3	1	=SUM(G829:J829)
720	829	Я уношу.	Я уношу 	Я уношу!	Я уношу?	3	4	1	2	=SUM(G830:J830)
169	830	Ты уносишь!	Ты уносишь.	Ты уносишь?	Ты уносишь 	1	3	2	4	=SUM(G831:J831)
468	831	Он уносит?	Он уносит!	Он уносит 	Он уносит.	2	1	4	3	=SUM(G832:J832)
962	832	Она уносит 	Она уносит!	Она уносит.	Она уносит?	4	1	3	2	=SUM(G833:J833)
469	833	Мы уносим?	Мы уносим.	Мы уносим!	Мы уносим 	2	3	1	4	=SUM(G834:J834)
963	834	Вы уносите 	Вы уносите.	Вы уносите?	Вы уносите!	4	3	2	1	=SUM(G835:J835)
721	835	Они уносят.	Они уносят 	Они уносят?	Они уносят!	3	4	2	1	=SUM(G836:J836)
470	836	Я кладу?	Я кладу.	Я кладу 	Я кладу!	2	3	4	1	=SUM(G837:J837)
722	837	Ты кладёшь.	Ты кладёшь 	Ты кладёшь!	Ты кладёшь?	3	4	1	2	=SUM(G838:J838)
964	838	Он кладёт 	Он кладёт?	Он кладёт.	Он кладёт!	4	2	3	1	=SUM(G839:J839)
723	839	Она кладёт.	Она кладёт 	Она кладёт!	Она кладёт?	3	4	1	2	=SUM(G840:J840)
170	840	Мы кладём!	Мы кладём.	Мы кладём?	Мы кладём 	1	3	2	4	=SUM(G841:J841)
471	841	Вы кладёте?	Вы кладёте!	Вы кладёте 	Вы кладёте.	2	1	4	3	=SUM(G842:J842)
965	842	Они кладут 	Они кладут!	Они кладут.	Они кладут?	4	1	3	2	=SUM(G843:J843)
472	843	Я ставлю?	Я ставлю.	Я ставлю!	Я ставлю 	2	3	1	4	=SUM(G844:J844)
966	844	Ты ставишь 	Ты ставишь.	Ты ставишь?	Ты ставишь!	4	3	2	1	=SUM(G845:J845)
724	845	Он ставит.	Он ставит 	Он ставит?	Он ставит!	3	4	2	1	=SUM(G846:J846)
171	846	Она ставит!	Она ставит.	Она ставит?	Она ставит 	1	3	2	4	=SUM(G847:J847)
473	847	Мы ставим?	Мы ставим!	Мы ставим 	Мы ставим.	2	1	4	3	=SUM(G848:J848)
172	848	Вы ставите!	Вы ставите?	Вы ставите.	Вы ставите 	1	2	3	4	=SUM(G849:J849)
474	849	Они ставят?	Они ставят.	Они ставят 	Они ставят!	2	3	4	1	=SUM(G850:J850)
725	850	Я вешаю.	Я вешаю 	Я вешаю!	Я вешаю?	3	4	1	2	=SUM(G851:J851)
967	851	Ты вешаешь 	Ты вешаешь?	Ты вешаешь.	Ты вешаешь!	4	2	3	1	=SUM(G852:J852)
726	852	Он вешает.	Он вешает 	Он вешает!	Он вешает?	3	4	1	2	=SUM(G853:J853)
173	853	Она вешает!	Она вешает.	Она вешает?	Она вешает 	1	3	2	4	=SUM(G854:J854)
475	854	Мы вешаем?	Мы вешаем!	Мы вешаем 	Мы вешаем.	2	1	4	3	=SUM(G855:J855)
968	855	Вы вешаете 	Вы вешаете!	Вы вешаете.	Вы вешаете?	4	1	3	2	=SUM(G856:J856)
476	856	Они вешают?	Они вешают.	Они вешают!	Они вешают 	2	3	1	4	=SUM(G857:J857)
969	857	Я открываю 	Я открываю.	Я открываю?	Я открываю!	4	3	2	1	=SUM(G858:J858)
727	858	Ты открываешь.	Ты открываешь 	Ты открываешь?	Ты открываешь!	3	4	2	1	=SUM(G859:J859)
174	859	Он открывает!	Он открывает.	Он открывает?	Он открывает 	1	3	2	4	=SUM(G860:J860)
477	860	Она открывает?	Она открывает!	Она открывает 	Она открывает.	2	1	4	3	=SUM(G861:J861)
728	861	Мы открываем.	Мы открываем 	Мы открываем!	Мы открываем?	3	4	1	2	=SUM(G862:J862)
175	862	Вы открываете!	Вы открываете.	Вы открываете?	Вы открываете 	1	3	2	4	=SUM(G863:J863)
478	863	Они открывают?	Они открывают!	Они открывают 	Они открывают.	2	1	4	3	=SUM(G864:J864)
970	864	Я закрываю 	Я закрываю!	Я закрываю.	Я закрываю?	4	1	3	2	=SUM(G865:J865)
479	865	Ты закрываешь?	Ты закрываешь.	Ты закрываешь!	Ты закрываешь 	2	3	1	4	=SUM(G866:J866)
971	866	Он закрывает 	Он закрывает?	Он закрывает.	Он закрывает!	4	2	3	1	=SUM(G867:J867)
729	867	Она закрывает.	Она закрывает 	Она закрывает!	Она закрывает?	3	4	1	2	=SUM(G868:J868)
176	868	Мы закрываем!	Мы закрываем.	Мы закрываем?	Мы закрываем 	1	3	2	4	=SUM(G869:J869)
480	869	Вы закрываете?	Вы закрываете!	Вы закрываете 	Вы закрываете.	2	1	4	3	=SUM(G870:J870)
972	870	Они закрывают 	Они закрывают!	Они закрывают.	Они закрывают?	4	1	3	2	=SUM(G871:J871)
481	871	Я ломаю?	Я ломаю.	Я ломаю!	Я ломаю 	2	3	1	4	=SUM(G872:J872)
973	872	Ты ломаешь 	Ты ломаешь.	Ты ломаешь?	Ты ломаешь!	4	3	2	1	=SUM(G873:J873)
730	873	Он ломает.	Он ломает 	Он ломает?	Он ломает!	3	4	2	1	=SUM(G874:J874)
177	874	Она ломает!	Она ломает.	Она ломает?	Она ломает 	1	3	2	4	=SUM(G875:J875)
482	875	Мы ломаем?	Мы ломаем!	Мы ломаем 	Мы ломаем.	2	1	4	3	=SUM(G876:J876)
178	876	Вы ломаете!	Вы ломаете?	Вы ломаете.	Вы ломаете 	1	2	3	4	=SUM(G877:J877)
483	877	Они ломают?	Они ломают.	Они ломают 	Они ломают!	2	3	4	1	=SUM(G878:J878)
731	878	Я чиню.	Я чиню 	Я чиню!	Я чиню?	3	4	1	2	=SUM(G879:J879)
974	879	Ты чинишь 	Ты чинишь?	Ты чинишь.	Ты чинишь!	4	2	3	1	=SUM(G880:J880)
732	880	Он чинит.	Он чинит 	Он чинит!	Он чинит?	3	4	1	2	=SUM(G881:J881)
179	881	Она чинит!	Она чинит.	Она чинит?	Она чинит 	1	3	2	4	=SUM(G882:J882)
484	882	Мы чиним?	Мы чиним!	Мы чиним 	Мы чиним.	2	1	4	3	=SUM(G883:J883)
975	883	Вы чините 	Вы чините!	Вы чините.	Вы чините?	4	1	3	2	=SUM(G884:J884)
485	884	Они чинят?	Они чинят.	Они чинят!	Они чинят 	2	3	1	4	=SUM(G885:J885)
976	885	Я ищу 	Я ищу.	Я ищу?	Я ищу!	4	3	2	1	=SUM(G886:J886)
733	886	Ты ищешь.	Ты ищешь 	Ты ищешь?	Ты ищешь!	3	4	2	1	=SUM(G887:J887)
180	887	Он ищет!	Он ищет.	Он ищет?	Он ищет 	1	3	2	4	=SUM(G888:J888)
486	888	Она ищет?	Она ищет!	Она ищет 	Она ищет.	2	1	4	3	=SUM(G889:J889)
734	889	Мы ищем.	Мы ищем 	Мы ищем!	Мы ищем?	3	4	1	2	=SUM(G890:J890)
181	890	Вы ищете!	Вы ищете.	Вы ищете?	Вы ищете 	1	3	2	4	=SUM(G891:J891)
487	891	Они ищут?	Они ищут!	Они ищут 	Они ищут.	2	1	4	3	=SUM(G892:J892)
977	892	Я нахожу 	Я нахожу!	Я нахожу.	Я нахожу?	4	1	3	2	=SUM(G893:J893)
488	893	Ты находишь?	Ты находишь.	Ты находишь!	Ты находишь 	2	3	1	4	=SUM(G894:J894)
978	894	Он находит 	Он находит.	Он находит?	Он находит!	4	3	2	1	=SUM(G895:J895)
735	895	Она находит.	Она находит 	Она находит?	Она находит!	3	4	2	1	=SUM(G896:J896)
182	896	Мы находим!	Мы находим.	Мы находим?	Мы находим 	1	3	2	4	=SUM(G897:J897)
489	897	Вы находите?	Вы находите!	Вы находите 	Вы находите.	2	1	4	3	=SUM(G898:J898)
183	898	Они находят!	Они находят?	Они находят.	Они находят 	1	2	3	4	=SUM(G899:J899)
490	899	Я теряю?	Я теряю.	Я теряю 	Я теряю!	2	3	4	1	=SUM(G900:J900)
736	900	Ты теряешь.	Ты теряешь 	Ты теряешь!	Ты теряешь?	3	4	1	2	=SUM(G901:J901)
979	901	Он теряет 	Он теряет?	Он теряет.	Он теряет!	4	2	3	1	=SUM(G902:J902)
737	902	Она теряет.	Она теряет 	Она теряет!	Она теряет?	3	4	1	2	=SUM(G903:J903)
184	903	Мы теряем!	Мы теряем.	Мы теряем?	Мы теряем 	1	3	2	4	=SUM(G904:J904)
491	904	Вы теряете?	Вы теряете!	Вы теряете 	Вы теряете.	2	1	4	3	=SUM(G905:J905)
980	905	Они теряют 	Они теряют!	Они теряют.	Они теряют?	4	1	3	2	=SUM(G906:J906)
492	906	Я помню?	Я помню.	Я помню!	Я помню 	2	3	1	4	=SUM(G907:J907)
981	907	Ты помнишь 	Ты помнишь.	Ты помнишь?	Ты помнишь!	4	3	2	1	=SUM(G908:J908)
738	908	Он помнит.	Он помнит 	Он помнит?	Он помнит!	3	4	2	1	=SUM(G909:J909)
493	909	Она помнит?	Она помнит.	Она помнит 	Она помнит!	2	3	4	1	=SUM(G910:J910)
739	910	Мы помним.	Мы помним 	Мы помним!	Мы помним?	3	4	1	2	=SUM(G911:J911)
982	911	Вы помните 	Вы помните?	Вы помните.	Вы помните!	4	2	3	1	=SUM(G912:J912)
740	912	Они помнят.	Они помнят 	Они помнят!	Они помнят?	3	4	1	2	=SUM(G913:J913)
185	913	Я забываю!	Я забываю.	Я забываю?	Я забываю 	1	3	2	4	=SUM(G914:J914)
494	914	Ты забываешь?	Ты забываешь!	Ты забываешь 	Ты забываешь.	2	1	4	3	=SUM(G915:J915)
983	915	Он забывает 	Он забывает!	Он забывает.	Он забывает?	4	1	3	2	=SUM(G916:J916)
495	916	Она забывает?	Она забывает.	Она забывает!	Она забывает 	2	3	1	4	=SUM(G917:J917)
984	917	Мы забываем 	Мы забываем.	Мы забываем?	Мы забываем!	4	3	2	1	=SUM(G918:J918)
741	918	Вы забываете.	Вы забываете 	Вы забываете?	Вы забываете!	3	4	2	1	=SUM(G919:J919)
186	919	Они забывают!	Они забывают.	Они забывают?	Они забывают 	1	3	2	4	=SUM(G920:J920)
496	920	Я учусь?	Я учусь!	Я учусь 	Я учусь.	2	1	4	3	=SUM(G921:J921)
187	921	Ты учишься!	Ты учишься?	Ты учишься.	Ты учишься 	1	2	3	4	=SUM(G922:J922)
497	922	Он учится?	Он учится.	Он учится 	Он учится!	2	3	4	1	=SUM(G923:J923)
742	923	Она учится.	Она учится 	Она учится!	Она учится?	3	4	1	2	=SUM(G924:J924)
985	924	Мы учимся 	Мы учимся?	Мы учимся.	Мы учимся!	4	2	3	1	=SUM(G925:J925)
743	925	Вы учитесь.	Вы учитесь 	Вы учитесь!	Вы учитесь?	3	4	1	2	=SUM(G926:J926)
744	926	Они учатся.	Они учатся.	Они учатся.	Они учатся!	3	3	3	1	=SUM(G927:J927)
188	927	Я понимаю!	Я понимаю.	Я понимаю?	Я понимаю 	1	3	2	4	=SUM(G928:J928)
498	928	Ты понимаешь?	Ты понимаешь!	Ты понимаешь 	Ты понимаешь.	2	1	4	3	=SUM(G929:J929)
745	929	Он понимает.	Он понимает 	Он понимает!	Он понимает?	3	4	1	2	=SUM(G930:J930)
189	930	Она понимает!	Она понимает.	Она понимает?	Она понимает 	1	3	2	4	=SUM(G931:J931)
499	931	Мы понимаем?	Мы понимаем!	Мы понимаем 	Мы понимаем.	2	1	4	3	=SUM(G932:J932)
986	932	Вы понимаете 	Вы понимаете!	Вы понимаете.	Вы понимаете?	4	1	3	2	=SUM(G933:J933)
500	933	Они понимают?	Они понимают.	Они понимают!	Они понимают 	2	3	1	4	=SUM(G934:J934)
987	934	Я объясняю 	Я объясняю?	Я объясняю.	Я объясняю!	4	2	3	1	=SUM(G935:J935)
746	935	Ты объясняешь.	Ты объясняешь 	Ты объясняешь!	Ты объясняешь?	3	4	1	2	=SUM(G936:J936)
190	936	Он объясняет!	Он объясняет.	Он объясняет?	Он объясняет 	1	3	2	4	=SUM(G937:J937)
501	937	Она объясняет?	Она объясняет!	Она объясняет 	Она объясняет.	2	1	4	3	=SUM(G938:J938)
988	938	Мы объясняем 	Мы объясняем!	Мы объясняем.	Мы объясняем?	4	1	3	2	=SUM(G939:J939)
502	939	Вы объясняете?	Вы объясняете.	Вы объясняете!	Вы объясняете 	2	3	1	4	=SUM(G940:J940)
989	940	Они объясняют 	Они объясняют.	Они объясняют?	Они объясняют!	4	3	2	1	=SUM(G941:J941)
747	941	Я показываю.	Я показываю 	Я показываю?	Я показываю!	3	4	2	1	=SUM(G942:J942)
191	942	Ты показываешь!	Ты показываешь.	Ты показываешь?	Ты показываешь 	1	3	2	4	=SUM(G943:J943)
503	943	Он показывает?	Он показывает!	Он показывает 	Он показывает.	2	1	4	3	=SUM(G944:J944)
192	944	Она показывает!	Она показывает?	Она показывает.	Она показывает 	1	2	3	4	=SUM(G945:J945)
504	945	Мы показываем?	Мы показываем.	Мы показываем 	Мы показываем!	2	3	4	1	=SUM(G946:J946)
748	946	Вы показываете.	Вы показываете 	Вы показываете!	Вы показываете?	3	4	1	2	=SUM(G947:J947)
990	947	Они показывают 	Они показывают?	Они показывают.	Они показывают!	4	2	3	1	=SUM(G948:J948)
749	948	Я спрашиваю.	Я спрашиваю 	Я спрашиваю!	Я спрашиваю?	3	4	1	2	=SUM(G949:J949)
193	949	Ты спрашиваешь!	Ты спрашиваешь.	Ты спрашиваешь?	Ты спрашиваешь 	1	3	2	4	=SUM(G950:J950)
505	950	Он спрашивает?	Он спрашивает!	Он спрашивает 	Он спрашивает.	2	1	4	3	=SUM(G951:J951)
991	951	Она спрашивает 	Она спрашивает!	Она спрашивает.	Она спрашивает?	4	1	3	2	=SUM(G952:J952)
506	952	Мы спрашиваем?	Мы спрашиваем.	Мы спрашиваем!	Мы спрашиваем 	2	3	1	4	=SUM(G953:J953)
992	953	Вы спрашиваете 	Вы спрашиваете.	Вы спрашиваете?	Вы спрашиваете!	4	3	2	1	=SUM(G954:J954)
750	954	Они спрашивают.	Они спрашивают 	Они спрашивают?	Они спрашивают!	3	4	2	1	=SUM(G955:J955)
194	955	Я отвечаю!	Я отвечаю.	Я отвечаю?	Я отвечаю 	1	3	2	4	=SUM(G956:J956)
507	956	Ты отвечаешь?	Ты отвечаешь!	Ты отвечаешь 	Ты отвечаешь.	2	1	4	3	=SUM(G957:J957)
751	957	Он отвечает.	Он отвечает 	Он отвечает!	Он отвечает?	3	4	1	2	=SUM(G958:J958)
195	958	Она отвечает!	Она отвечает.	Она отвечает?	Она отвечает 	1	3	2	4	=SUM(G959:J959)
508	959	Мы отвечаем?	Мы отвечаем!	Мы отвечаем 	Мы отвечаем.	2	1	4	3	=SUM(G960:J960)
993	960	Вы отвечаете 	Вы отвечаете!	Вы отвечаете.	Вы отвечаете?	4	1	3	2	=SUM(G961:J961)
509	961	Они отвечают?	Они отвечают.	Они отвечают!	Они отвечают 	2	3	1	4	=SUM(G962:J962)
196	962	Я слушаю!	Я слушаю.	Я слушаю?	Я слушаю 	1	3	2	4	=SUM(G963:J963)
510	963	Ты слушаешь?	Ты слушаешь!	Ты слушаешь 	Ты слушаешь.	2	1	4	3	=SUM(G964:J964)
752	964	Он слушает.	Он слушает 	Он слушает!	Он слушает?	3	4	1	2	=SUM(G965:J965)
197	965	Она слушает!	Она слушает.	Она слушает?	Она слушает 	1	3	2	4	=SUM(G966:J966)
511	966	Мы слушаем?	Мы слушаем!	Мы слушаем 	Мы слушаем.	2	1	4	3	=SUM(G967:J967)
994	967	Вы слушаете 	Вы слушаете!	Вы слушаете.	Вы слушаете?	4	1	3	2	=SUM(G968:J968)
512	968	Они слушают?	Они слушают.	Они слушают!	Они слушают 	2	3	1	4	=SUM(G969:J969)
995	969	Я слышу 	Я слышу?	Я слышу.	Я слышу!	4	2	3	1	=SUM(G970:J970)
753	970	Ты слышишь.	Ты слышишь 	Ты слышишь!	Ты слышишь?	3	4	1	2	=SUM(G971:J971)
198	971	Он слышит!	Он слышит.	Он слышит?	Он слышит 	1	3	2	4	=SUM(G972:J972)
513	972	Она слышит?	Она слышит!	Она слышит 	Она слышит.	2	1	4	3	=SUM(G973:J973)
996	973	Мы слышим 	Мы слышим!	Мы слышим.	Мы слышим?	4	1	3	2	=SUM(G974:J974)
514	974	Вы слышите?	Вы слышите.	Вы слышите!	Вы слышите 	2	3	1	4	=SUM(G975:J975)
997	975	Они слышат 	Они слышат.	Они слышат?	Они слышат!	4	3	2	1	=SUM(G976:J976)
754	976	Я чувствую.	Я чувствую 	Я чувствую?	Я чувствую!	3	4	2	1	=SUM(G977:J977)
199	977	Ты чувствуешь!	Ты чувствуешь.	Ты чувствуешь?	Ты чувствуешь 	1	3	2	4	=SUM(G978:J978)
515	978	Он чувствует?	Он чувствует!	Он чувствует 	Он чувствует.	2	1	4	3	=SUM(G979:J979)
200	979	Она чувствует!	Она чувствует?	Она чувствует.	Она чувствует 	1	2	3	4	=SUM(G980:J980)
516	980	Мы чувствуем?	Мы чувствуем.	Мы чувствуем 	Мы чувствуем!	2	3	4	1	=SUM(G981:J981)
755	981	Вы чувствуете.	Вы чувствуете 	Вы чувствуете!	Вы чувствуете?	3	4	1	2	=SUM(G982:J982)
998	982	Они чувствуют 	Они чувствуют?	Они чувствуют.	Они чувствуют!	4	2	3	1	=SUM(G983:J983)
756	983	Я трогаю.	Я трогаю 	Я трогаю!	Я трогаю?	3	4	1	2	=SUM(G984:J984)
201	984	Ты трогаешь!	Ты трогаешь.	Ты трогаешь?	Ты трогаешь 	1	3	2	4	=SUM(G985:J985)
517	985	Он трогает?	Он трогает!	Он трогает 	Он трогает.	2	1	4	3	=SUM(G986:J986)
999	986	Она трогает 	Она трогает!	Она трогает.	Она трогает?	4	1	3	2	=SUM(G987:J987)
518	987	Мы трогаем?	Мы трогаем.	Мы трогаем!	Мы трогаем 	2	3	1	4	=SUM(G988:J988)
1000	988	Вы трогаете 	Вы трогаете.	Вы трогаете?	Вы трогаете!	4	3	2	1	=SUM(G989:J989)
757	989	Они трогают.	Они трогают 	Они трогают?	Они трогают!	3	4	2	1	=SUM(G990:J990)
202	990	Я нюхаю!	Я нюхаю.	Я нюхаю?	Я нюхаю 	1	3	2	4	=SUM(G991:J991)
519	991	Ты нюхаешь?	Ты нюхаешь!	Ты нюхаешь 	Ты нюхаешь.	2	1	4	3	=SUM(G992:J992)
758	992	Он нюхает.	Он нюхает 	Он нюхает!	Он нюхает?	3	4	1	2	=SUM(G993:J993)
203	993	Она нюхает!	Она нюхает.	Она нюхает?	Она нюхает 	1	3	2	4	=SUM(G994:J994)
520	994	Мы нюхаем?	Мы нюхаем!	Мы нюхаем 	Мы нюхаем.	2	1	4	3	=SUM(G995:J995)
1001	995	Вы нюхаете 	Вы нюхаете!	Вы нюхаете.	Вы нюхаете?	4	1	3	2	=SUM(G996:J996)
521	996	Они нюхают?	Они нюхают.	Они нюхают!	Они нюхают 	2	3	1	4	=SUM(G997:J997)
1002	997	Я пробую 	Я пробую?	Я пробую!	Я пробую.	4	2	1	3	=SUM(G998:J998)
759	998	Ты пробуешь.	Ты пробуешь 	Ты пробуешь?	Ты пробуешь!	3	4	2	1	=SUM(G999:J999)
760	999	Он пробует.	Он пробует.	Он пробует.	Он пробует!	3	3	3	1	=SUM(G1000:J1000)
522	1000	Она пробует?	Она пробует!	Она пробует 	Она пробует.	2	1	4	3	=SUM(G1001:J1001)
204	1001	Мы пробуем!	Мы пробуем?	Мы пробуем 	Мы пробуем.	1	2	4	3	=SUM(G1002:J1002)
523	1002	Вы пробуете?	Вы пробуете!	Вы пробуете.	Вы пробуете 	2	1	3	4	=SUM(G1003:J1003)
						=SUM(G2:G1003)	=SUM(H2:H1003)	=SUM(I2:I1003)	=SUM(J2:J1003)	=SUM(G1004:J1004)
